uniprotID,locus_tag
A0A0H3C9N6,CCNA_02043
B8GYI7,CCNA_00317
B8GZM2,CCNA_02546
A0A0H3C2V8,CCNA_00145
A0A0H3C356,CCNA_00253
A0A0H3C6U2,CCNA_00931
A0A0H3C7E9,CCNA_01220
A0A0H3C7W2,CCNA_01419
A0A0H3C8X0,CCNA_01212
A0A0H3C9Q7,CCNA_01549
A0A0H3C9Q9,CCNA_02075
A0A0H3CAA4,CCNA_02642
A0A0H3CC22,CCNA_02994
A0A0H3CDS9,CCNA_03599
A0A0H3CDY1,CCNA_03655
A0A0H3CE38,CCNA_03162
A0A0H3CE81,CCNA_03755
A0A0H3CEG5,CCNA_03827
B8GW64,CCNA_01791
B8GX12,CCNA_02037
B8GX14,CCNA_02039
B8GX16,CCNA_02041
B8GXM4,CCNA_00133
B8GXP6,CCNA_00155
B8GXQ0,CCNA_00159
B8GXW2,CCNA_02204
B8GYT1,CCNA_02389
B8GZ28,CCNA_00377
B8GZ33,CCNA_00382
B8GZV1,CCNA_00520
B8H092,CCNA_02635
B8H0A0,CCNA_02643
B8H163,CCNA_00721
B8H444,CCNA_03334
B8H610,CCNA_01613
B8H627,CCNA_01630
A0A0H3C2M1,CCNA_00055
A0A0H3C2R7,CCNA_00103
A0A0H3C302,CCNA_00198
A0A0H3C334,CCNA_00231
A0A0H3C3C4,CCNA_00341
A0A0H3C3D4,CCNA_00351
A0A0H3C3F7,CCNA_00371
A0A0H3C3R5,CCNA_00445
A0A0H3C3S1,CCNA_00099
A0A0H3C3T5,CCNA_00117
A0A0H3C459,CCNA_00618
A0A0H3C477,CCNA_00633
A0A0H3C497,CCNA_00016
A0A0H3C4E3,CCNA_00372
A0A0H3C4E8,CCNA_00068
A0A0H3C4G3,CCNA_00725
A0A0H3C4H2,CCNA_00737
A0A0H3C4H5,CCNA_00100
A0A0H3C4L6,CCNA_00785
A0A0H3C4N8,CCNA_00193
A0A0H3C4T6,CCNA_00491
A0A0H3C4U6,CCNA_00504
A0A0H3C4V6,CCNA_00515
A0A0H3C4W2,CCNA_00898
A0A0H3C4W8,CCNA_00537
A0A0H3C4Y5,CCNA_00283
A0A0H3C529,CCNA_00343
A0A0H3C563,CCNA_00069
A0A0H3C5B7,CCNA_01035
A0A0H3C5H3,CCNA_00471
A0A0H3C5Q1,CCNA_00846
A0A0H3C5R3,CCNA_00011
A0A0H3C5R8,CCNA_00018
A0A0H3C5S0,CCNA_00565
A0A0H3C5U7,CCNA_00054
A0A0H3C5U8,CCNA_00894
A0A0H3C5V6,CCNA_00620
A0A0H3C5Y7,CCNA_00929
A0A0H3C605,CCNA_01223
A0A0H3C659,CCNA_00740
A0A0H3C677,CCNA_00202
A0A0H3C6E2,CCNA_00268
A0A0H3C6J8,CCNA_00778
A0A0H3C6L3,CCNA_01152
A0A0H3C6N6,CCNA_00370
A0A0H3C6R1,CCNA_00886
A0A0H3C6U5,CCNA_00941
A0A0H3C6X6,CCNA_01550
A0A0H3C742,CCNA_01648
A0A0H3C759,CCNA_01028
A0A0H3C761,CCNA_01679
A0A0H3C768,CCNA_01689
A0A0H3C7B1,CCNA_01179
A0A0H3C7B4,CCNA_01425
A0A0H3C7B8,CCNA_01431
A0A0H3C7E3,CCNA_01782
A0A0H3C7K0,CCNA_01848
A0A0H3C7K4,CCNA_01279
A0A0H3C7N8,CCNA_00736
A0A0H3C7U0,CCNA_01596
A0A0H3C7V4,CCNA_01612
A0A0H3C7V8,CCNA_01969
A0A0H3C7X0,CCNA_01364
A0A0H3C7X2,CCNA_01432
A0A0H3C7Y6,CCNA_01664
A0A0H3C802,CCNA_02022
A0A0H3C806,CCNA_01470
A0A0H3C810,CCNA_00876
A0A0H3C814,CCNA_02033
A0A0H3C819,CCNA_01421
A0A0H3C831,CCNA_01497
A0A0H3C843,CCNA_01733
A0A0H3C862,CCNA_01757
A0A0H3C8B9,CCNA_01849
A0A0H3C8D6,CCNA_01001
A0A0H3C8F5,CCNA_01637
A0A0H3C8H2,CCNA_02208
A0A0H3C8L4,CCNA_01651
A0A0H3C8M0,CCNA_02258
A0A0H3C8M4,CCNA_01095
A0A0H3C8N2,CCNA_01970
A0A0H3C8N7,CCNA_02280
A0A0H3C8P3,CCNA_01687
A0A0H3C8P5,CCNA_01982
A0A0H3C8Q5,CCNA_01996
A0A0H3C8R1,CCNA_01758
A0A0H3C8R6,CCNA_01763
A0A0H3C8S7,CCNA_01774
A0A0H3C8U0,CCNA_01730
A0A0H3C8X7,CCNA_01222
A0A0H3C8Z8,CCNA_01253
A0A0H3C921,CCNA_02431
A0A0H3C924,CCNA_01775
A0A0H3C940,CCNA_02136
A0A0H3C958,CCNA_01951
A0A0H3C981,CCNA_01381
A0A0H3C997,CCNA_01998
A0A0H3C9A7,CCNA_02013
A0A0H3C9B8,CCNA_01423
A0A0H3C9D7,CCNA_02047
A0A0H3C9D9,CCNA_01449
A0A0H3C9E0,CCNA_02052
A0A0H3C9F2,CCNA_02064
A0A0H3C9F7,CCNA_01467
A0A0H3C9G6,CCNA_02583
A0A0H3C9G7,CCNA_02296
A0A0H3C9G8,CCNA_01477
A0A0H3C9H8,CCNA_01945
A0A0H3C9I5,CCNA_02607
A0A0H3C9I9,CCNA_02321
A0A0H3C9J0,CCNA_02612
A0A0H3C9K1,CCNA_01979
A0A0H3C9K8,CCNA_02641
A0A0H3C9L6,CCNA_02356
A0A0H3C9M5,CCNA_02020
A0A0H3C9N8,CCNA_02387
A0A0H3C9S6,CCNA_02194
A0A0H3C9W3,CCNA_01616
A0A0H3C9X3,CCNA_02759
A0A0H3C9Y7,CCNA_01659
A0A0H3CA12,CCNA_02535
A0A0H3CA50,CCNA_02221
A0A0H3CA58,CCNA_02586
A0A0H3CA59,CCNA_02231
A0A0H3CA93,CCNA_02626
A0A0H3CAC0,CCNA_02390
A0A0H3CAE1,CCNA_02681
A0A0H3CAF3,CCNA_02427
A0A0H3CAG0,CCNA_02980
A0A0H3CAR1,CCNA_02525
A0A0H3CAR6,CCNA_01954
A0A0H3CAV3,CCNA_03142
A0A0H3CAW8,CCNA_02015
A0A0H3CAY0,CCNA_02550
A0A0H3CB10,CCNA_02925
A0A0H3CB72,CCNA_02673
A0A0H3CB77,CCNA_03024
A0A0H3CB86,CCNA_02134
A0A0H3CBA5,CCNA_02714
A0A0H3CBD8,CCNA_03360
A0A0H3CBE5,CCNA_02186
A0A0H3CBG8,CCNA_03392
A0A0H3CBK4,CCNA_02833
A0A0H3CBK7,CCNA_02247
A0A0H3CBM7,CCNA_02834
A0A0H3CBN1,CCNA_02839
A0A0H3CBT1,CCNA_02326
A0A0H3CBU3,CCNA_03534
A0A0H3CBX3,CCNA_03261
A0A0H3CC30,CCNA_03629
A0A0H3CC40,CCNA_03641
A0A0H3CC47,CCNA_03273
A0A0H3CC59,CCNA_03664
A0A0H3CCA9,CCNA_03076
A0A0H3CCC5,CCNA_03462
A0A0H3CCC9,CCNA_03471
A0A0H3CCD1,CCNA_03138
A0A0H3CCD7,CCNA_03144
A0A0H3CCF4,CCNA_03768
A0A0H3CCK9,CCNA_03582
A0A0H3CCN1,CCNA_03847
A0A0H3CCP8,CCNA_03630
A0A0H3CCQ1,CCNA_03877
A0A0H3CCQ9,CCNA_03642
A0A0H3CCU5,CCNA_03685
A0A0H3CCX2,CCNA_03362
A0A0H3CCZ0,CCNA_03315
A0A0H3CCZ2,CCNA_03323
A0A0H3CD10,CCNA_03748
A0A0H3CD11,CCNA_03346
A0A0H3CD15,CCNA_03753
A0A0H3CD41,CCNA_03373
A0A0H3CDA3,CCNA_03516
A0A0H3CDD6,CCNA_03546
A0A0H3CDG4,CCNA_03578
A0A0H3CDH9,CCNA_03517
A0A0H3CDP2,CCNA_03012
A0A0H3CDP4,CCNA_03560
A0A0H3CDS5,CCNA_03594
A0A0H3CDS8,CCNA_03696
A0A0H3CDY2,CCNA_03754
A0A0H3CE29,CCNA_03781
A0A0H3CE54,CCNA_03734
A0A0H3CE74,CCNA_03750
A0A0H3CE80,CCNA_03843
A0A0H3CEE0,CCNA_03793
A0A0H3CEI7,CCNA_03851
A0A0H3CES2,CCNA_03386
A0A0H3CF54,CCNA_03518
A0A0H3CFG4,CCNA_03628
A0A0H3CG88,CCNA_03876
B8GVE1,CCNA_01646
B8GVE2,CCNA_01647
B8GVE7,CCNA_01652
B8GVI7,CCNA_01692
B8GVL8,CCNA_01723
B8GVW2,CCNA_03800
B8GVX4,CCNA_03812
B8GVY4,CCNA_03822
B8GVY5,CCNA_03823
B8GVZ8,CCNA_03836
B8GW15,CCNA_03853
B8GW30,CCNA_03868
B8GW34,CCNA_03872
B8GW40,CCNA_03878
B8GW41,CCNA_03879
B8GW43,CCNA_01770
B8GW68,CCNA_01795
B8GW82,CCNA_01809
B8GW85,CCNA_01812
B8GWL9,CCNA_01946
B8GWN0,CCNA_01957
B8GWN2,CCNA_01959
B8GWN5,CCNA_01962
B8GWR7,CCNA_01994
B8GWS6,CCNA_02003
B8GWS7,CCNA_02004
B8GWU1,CCNA_02018
B8GWV5,CCNA_02032
B8GWW0,CCNA_00003
B8GWW6,CCNA_00009
B8GWX0,CCNA_00013
B8GWZ0,CCNA_00033
B8GX04,CCNA_00047
B8GX17,CCNA_02042
B8GX51,CCNA_02076
B8GX52,CCNA_02077
B8GX53,CCNA_02078
B8GX61,CCNA_02086
B8GX84,CCNA_02109
B8GXA0,CCNA_02125
B8GXB6,CCNA_02141
B8GXC4,CCNA_02149
B8GXG1,CCNA_00070
B8GXJ5,CCNA_00104
B8GXK7,CCNA_00116
B8GXL9,CCNA_00128
B8GXP2,CCNA_00151
B8GXP4,CCNA_00153
B8GXP9,CCNA_00158
B8GXU1,CCNA_02183
B8GY23,CCNA_02265
B8GY66,CCNA_00196
B8GY92,CCNA_00222
B8GYE7,CCNA_00277
B8GYF0,CCNA_00280
B8GYF5,CCNA_00285
B8GYG4,CCNA_00294
B8GYI6,CCNA_00316
B8GYM1,CCNA_02329
B8GYN6,CCNA_02344
B8GYP3,CCNA_02351
B8GYS2,CCNA_02380
B8GYT0,CCNA_02388
B8GYX9,CCNA_00328
B8GYZ1,CCNA_00340
B8GZ34,CCNA_00383
B8GZB1,CCNA_02435
B8GZJ6,CCNA_02520
B8GZK4,CCNA_02528
B8GZS0,CCNA_00489
B8GZS3,CCNA_00492
B8GZS7,CCNA_00496
B8GZW7,CCNA_00536
B8GZX1,CCNA_00540
B8GZZ0,CCNA_00559
B8H072,CCNA_02615
B8H080,CCNA_02623
B8H085,CCNA_02628
B8H086,CCNA_02629
B8H091,CCNA_02634
B8H096,CCNA_02639
B8H097,CCNA_02640
B8H0X4,CCNA_02737
B8H164,CCNA_00722
B8H1E8,CCNA_00806
B8H1E9,CCNA_00807
B8H1H5,CCNA_00833
B8H1L5,CCNA_02849
B8H1Z0,CCNA_00864
B8H209,CCNA_00883
B8H292,CCNA_00966
B8H2N7,CCNA_03090
B8H2R9,CCNA_01008
B8H2S2,CCNA_01011
B8H2Z7,CCNA_01086
B8H307,CCNA_01096
B8H331,CCNA_03103
B8H332,CCNA_03104
B8H358,CCNA_03130
B8H363,CCNA_03135
B8H367,CCNA_03139
B8H392,CCNA_03164
B8H3C3,CCNA_03195
B8H3C9,CCNA_03201
B8H3I7,CCNA_01141
B8H3Q5,CCNA_01209
B8H3W7,CCNA_03256
B8H3X3,CCNA_03262
B8H3Z4,CCNA_03284
B8H427,CCNA_03317
B8H454,CCNA_03344
B8H482,CCNA_01254
B8H4A3,CCNA_01275
B8H4F5,CCNA_01327
B8H4F8,CCNA_01330
B8H4J9,CCNA_03359
B8H4W7,CCNA_03476
B8H510,CCNA_01397
B8H551,CCNA_01438
B8H5I2,CCNA_03562
B8H5P6,CCNA_03626
B8H5U4,CCNA_01547
B8H5V5,CCNA_01558
B8H5Y7,CCNA_01590
B8H607,CCNA_01610
B8H621,CCNA_01624
B8H623,CCNA_01626
B8H630,CCNA_01633
B8H640,CCNA_03636
B8H660,CCNA_03656
B8H6A7,CCNA_03703
B8H6A8,CCNA_03704
B8H6C3,CCNA_03719
A0A0H3C2I0,CCNA_00004
A0A0H3C2I6,CCNA_00012
A0A0H3C2J6,CCNA_00024
A0A0H3C2P3,CCNA_00083
A0A0H3C2Y5,CCNA_00176
A0A0H3C350,CCNA_00248
A0A0H3C383,CCNA_00292
A0A0H3C388,CCNA_00299
A0A0H3C394,CCNA_00305
A0A0H3C399,CCNA_00310
A0A0H3C3C8,CCNA_00346
A0A0H3C3K6,CCNA_00005
A0A0H3C3L0,CCNA_00015
A0A0H3C3M7,CCNA_00043
A0A0H3C3N0,CCNA_00050
A0A0H3C3N8,CCNA_00062
A0A0H3C3Q7,CCNA_00084
A0A0H3C3S4,CCNA_00456
A0A0H3C3T6,CCNA_00474
A0A0H3C3V4,CCNA_00140
A0A0H3C3Y5,CCNA_00528
A0A0H3C3Y6,CCNA_00177
A0A0H3C409,CCNA_00204
A0A0H3C418,CCNA_00568
A0A0H3C454,CCNA_00613
A0A0H3C461,CCNA_00265
A0A0H3C480,CCNA_00293
A0A0H3C498,CCNA_00653
A0A0H3C4A7,CCNA_00026
A0A0H3C4A9,CCNA_00331
A0A0H3C4B2,CCNA_00031
A0A0H3C4B4,CCNA_00336
A0A0H3C4B5,CCNA_00342
A0A0H3C4C9,CCNA_00045
A0A0H3C4D3,CCNA_00362
A0A0H3C4E4,CCNA_00063
A0A0H3C4F3,CCNA_00074
A0A0H3C4G6,CCNA_00090
A0A0H3C4H9,CCNA_00106
A0A0H3C4I7,CCNA_00753
A0A0H3C4I9,CCNA_00118
A0A0H3C4J0,CCNA_00123
A0A0H3C4K0,CCNA_00764
A0A0H3C4L4,CCNA_00163
A0A0H3C4M2,CCNA_00173
A0A0H3C4M3,CCNA_00421
A0A0H3C4N1,CCNA_00183
A0A0H3C4P8,CCNA_00452
A0A0H3C4Q0,CCNA_00835
A0A0H3C4Q4,CCNA_00457
A0A0H3C4R5,CCNA_00850
A0A0H3C4S8,CCNA_00238
A0A0H3C4T0,CCNA_00485
A0A0H3C4T7,CCNA_00872
A0A0H3C4U7,CCNA_00882
A0A0H3C4U9,CCNA_00261
A0A0H3C4W1,CCNA_00523
A0A0H3C4X9,CCNA_00918
A0A0H3C4Z4,CCNA_00296
A0A0H3C4Z8,CCNA_00553
A0A0H3C503,CCNA_00943
A0A0H3C509,CCNA_00564
A0A0H3C514,CCNA_00953
A0A0H3C520,CCNA_00001
A0A0H3C521,CCNA_00332
A0A0H3C527,CCNA_00010
A0A0H3C535,CCNA_00348
A0A0H3C548,CCNA_00363
A0A0H3C554,CCNA_00619
A0A0H3C556,CCNA_00053
A0A0H3C557,CCNA_00373
A0A0H3C578,CCNA_00096
A0A0H3C582,CCNA_00101
A0A0H3C588,CCNA_01002
A0A0H3C599,CCNA_00654
A0A0H3C5A3,CCNA_00137
A0A0H3C5A5,CCNA_00659
A0A0H3C5A7,CCNA_00143
A0A0H3C5B3,CCNA_01030
A0A0H3C5B9,CCNA_00675
A0A0H3C5C1,CCNA_00174
A0A0H3C5E9,CCNA_00442
A0A0H3C5F7,CCNA_01060
A0A0H3C5G3,CCNA_00458
A0A0H3C5G5,CCNA_00749
A0A0H3C5H6,CCNA_00760
A0A0H3C5I3,CCNA_01085
A0A0H3C5I7,CCNA_00262
A0A0H3C5I8,CCNA_01091
A0A0H3C5J2,CCNA_00267
A0A0H3C5J8,CCNA_01105
A0A0H3C5K1,CCNA_00505
A0A0H3C5K3,CCNA_01110
A0A0H3C5M1,CCNA_00321
A0A0H3C5M8,CCNA_01116
A0A0H3C5N2,CCNA_00830
A0A0H3C5N6,CCNA_00349
A0A0H3C5N8,CCNA_00836
A0A0H3C5Q4,CCNA_01144
A0A0H3C5Q8,CCNA_00374
A0A0H3C5Q9,CCNA_00002
A0A0H3C5R4,CCNA_00856
A0A0H3C5R6,CCNA_01162
A0A0H3C5S1,CCNA_00392
A0A0H3C5T2,CCNA_00035
A0A0H3C5T8,CCNA_00041
A0A0H3C5U2,CCNA_00048
A0A0H3C5V3,CCNA_00899
A0A0H3C5W6,CCNA_00630
A0A0H3C5W7,CCNA_01192
A0A0H3C5X8,CCNA_00459
A0A0H3C5Y0,CCNA_01202
A0A0H3C5Y5,CCNA_00472
A0A0H3C602,CCNA_00501
A0A0H3C607,CCNA_00506
A0A0H3C621,CCNA_01239
A0A0H3C631,CCNA_00144
A0A0H3C637,CCNA_00555
A0A0H3C643,CCNA_00566
A0A0H3C646,CCNA_00720
A0A0H3C647,CCNA_00571
A0A0H3C650,CCNA_00576
A0A0H3C653,CCNA_00175
A0A0H3C668,CCNA_00983
A0A0H3C671,CCNA_00197
A0A0H3C672,CCNA_00611
A0A0H3C685,CCNA_00766
A0A0H3C686,CCNA_01319
A0A0H3C688,CCNA_01003
A0A0H3C696,CCNA_01341
A0A0H3C6A1,CCNA_00646
A0A0H3C6A3,CCNA_00230
A0A0H3C6A5,CCNA_00651
A0A0H3C6A9,CCNA_00656
A0A0H3C6B6,CCNA_00800
A0A0H3C6C5,CCNA_00252
A0A0H3C6C7,CCNA_01046
A0A0H3C6D1,CCNA_00257
A0A0H3C6D2,CCNA_01372
A0A0H3C6D3,CCNA_00689
A0A0H3C6F6,CCNA_01398
A0A0H3C6H2,CCNA_00304
A0A0H3C6H4,CCNA_01417
A0A0H3C6J4,CCNA_01129
A0A0H3C6J6,CCNA_00773
A0A0H3C6K3,CCNA_00783
A0A0H3C6K8,CCNA_01145
A0A0H3C6L1,CCNA_00801
A0A0H3C6L9,CCNA_00815
A0A0H3C6M7,CCNA_01463
A0A0H3C6M9,CCNA_01168
A0A0H3C6N1,CCNA_00365
A0A0H3C6N4,CCNA_01173
A0A0H3C6P0,CCNA_01473
A0A0H3C6P1,CCNA_00853
A0A0H3C6P4,CCNA_00930
A0A0H3C6P6,CCNA_00381
A0A0H3C6Q9,CCNA_01489
A0A0H3C6R2,CCNA_01198
A0A0H3C6R7,CCNA_00950
A0A0H3C6S4,CCNA_00956
A0A0H3C6T5,CCNA_00921
A0A0H3C6T8,CCNA_01515
A0A0H3C6U1,CCNA_01527
A0A0H3C6V1,CCNA_00951
A0A0H3C6W0,CCNA_00444
A0A0H3C6W5,CCNA_00969
A0A0H3C6X7,CCNA_01004
A0A0H3C6Z2,CCNA_01288
A0A0H3C6Z6,CCNA_01579
A0A0H3C701,CCNA_01584
A0A0H3C704,CCNA_00507
A0A0H3C709,CCNA_00512
A0A0H3C710,CCNA_01326
A0A0H3C719,CCNA_01342
A0A0H3C726,CCNA_01062
A0A0H3C728,CCNA_01352
A0A0H3C731,CCNA_01067
A0A0H3C735,CCNA_01357
A0A0H3C739,CCNA_00556
A0A0H3C741,CCNA_01077
A0A0H3C744,CCNA_00562
A0A0H3C755,CCNA_01669
A0A0H3C764,CCNA_01684
A0A0H3C769,CCNA_01123
A0A0H3C772,CCNA_01130
A0A0H3C778,CCNA_00572
A0A0H3C791,CCNA_01393
A0A0H3C797,CCNA_01399
A0A0H3C7A4,CCNA_01732
A0A0H3C7A8,CCNA_01737
A0A0H3C7B2,CCNA_01745
A0A0H3C7B6,CCNA_01751
A0A0H3C7C7,CCNA_01199
A0A0H3C7D4,CCNA_00612
A0A0H3C7D6,CCNA_01131
A0A0H3C7D7,CCNA_01777
A0A0H3C7G5,CCNA_01485
A0A0H3C7H1,CCNA_01814
A0A0H3C7H5,CCNA_01495
A0A0H3C7H6,CCNA_01820
A0A0H3C7H9,CCNA_01180
A0A0H3C7J5,CCNA_01843
A0A0H3C7J7,CCNA_00680
A0A0H3C7K6,CCNA_01528
A0A0H3C7L7,CCNA_01221
A0A0H3C7L8,CCNA_01538
A0A0H3C7P1,CCNA_01252
A0A0H3C7Q0,CCNA_01263
A0A0H3C7Q1,CCNA_00752
A0A0H3C7Q9,CCNA_01274
A0A0H3C7R0,CCNA_01363
A0A0H3C7R9,CCNA_01285
A0A0H3C7S5,CCNA_01379
A0A0H3C7T2,CCNA_00784
A0A0H3C7T3,CCNA_01300
A0A0H3C7T8,CCNA_01306
A0A0H3C7U1,CCNA_01394
A0A0H3C7U2,CCNA_00796
A0A0H3C7U8,CCNA_01400
A0A0H3C7V7,CCNA_01414
A0A0H3C7W3,CCNA_01974
A0A0H3C7X1,CCNA_00834
A0A0H3C7X4,CCNA_01986
A0A0H3C7X7,CCNA_00839
A0A0H3C7X8,CCNA_01440
A0A0H3C7X9,CCNA_01995
A0A0H3C7Y1,CCNA_01655
A0A0H3C7Y3,CCNA_01447
A0A0H3C7Z3,CCNA_01675
A0A0H3C7Z6,CCNA_02016
A0A0H3C7Z8,CCNA_01680
A0A0H3C7Z9,CCNA_01395
A0A0H3C804,CCNA_01404
A0A0H3C808,CCNA_02027
A0A0H3C809,CCNA_01409
A0A0H3C823,CCNA_00892
A0A0H3C825,CCNA_01491
A0A0H3C835,CCNA_02062
A0A0H3C840,CCNA_01448
A0A0H3C853,CCNA_01746
A0A0H3C855,CCNA_00922
A0A0H3C856,CCNA_02090
A0A0H3C863,CCNA_00932
A0A0H3C878,CCNA_00947
A0A0H3C893,CCNA_01803
A0A0H3C8A1,CCNA_01815
A0A0H3C8A4,CCNA_01530
A0A0H3C8A6,CCNA_01827
A0A0H3C8A7,CCNA_01535
A0A0H3C8B2,CCNA_02135
A0A0H3C8E1,CCNA_01006
A0A0H3C8E2,CCNA_01560
A0A0H3C8E6,CCNA_01567
A0A0H3C8G5,CCNA_01650
A0A0H3C8H5,CCNA_01666
A0A0H3C8I0,CCNA_01603
A0A0H3C8I9,CCNA_01923
A0A0H3C8J4,CCNA_01620
A0A0H3C8J5,CCNA_01064
A0A0H3C8J8,CCNA_02233
A0A0H3C8K1,CCNA_01629
A0A0H3C8K3,CCNA_01691
A0A0H3C8K5,CCNA_02243
A0A0H3C8P1,CCNA_01115
A0A0H3C8Q3,CCNA_01747
A0A0H3C8Q4,CCNA_01132
A0A0H3C8Q7,CCNA_01753
A0A0H3C8R3,CCNA_02310
A0A0H3C8S0,CCNA_02017
A0A0H3C8S6,CCNA_02023
A0A0H3C8U4,CCNA_02046
A0A0H3C8U6,CCNA_01799
A0A0H3C8V1,CCNA_01804
A0A0H3C8V8,CCNA_01743
A0A0H3C8V9,CCNA_02063
A0A0H3C8W0,CCNA_01816
A0A0H3C8Y3,CCNA_01850
A0A0H3C8Y7,CCNA_01855
A0A0H3C903,CCNA_02409
A0A0H3C912,CCNA_02419
A0A0H3C915,CCNA_02130
A0A0H3C919,CCNA_01899
A0A0H3C930,CCNA_01301
A0A0H3C933,CCNA_01311
A0A0H3C944,CCNA_02143
A0A0H3C945,CCNA_01790
A0A0H3C950,CCNA_01800
A0A0H3C951,CCNA_02464
A0A0H3C955,CCNA_01805
A0A0H3C967,CCNA_02479
A0A0H3C974,CCNA_02182
A0A0H3C975,CCNA_01971
A0A0H3C983,CCNA_01841
A0A0H3C985,CCNA_01983
A0A0H3C988,CCNA_01846
A0A0H3C992,CCNA_01991
A0A0H3C994,CCNA_01851
A0A0H3C9A8,CCNA_02224
A0A0H3C9B2,CCNA_02019
A0A0H3C9B4,CCNA_01416
A0A0H3C9B9,CCNA_02024
A0A0H3C9C5,CCNA_02029
A0A0H3C9C6,CCNA_02540
A0A0H3C9D0,CCNA_02547
A0A0H3C9D3,CCNA_02254
A0A0H3C9D5,CCNA_01900
A0A0H3C9D6,CCNA_02553
A0A0H3C9F0,CCNA_01915
A0A0H3C9F4,CCNA_02281
A0A0H3C9F5,CCNA_01920
A0A0H3C9F6,CCNA_02069
A0A0H3C9G0,CCNA_01925
A0A0H3C9G9,CCNA_02085
A0A0H3C9H6,CCNA_02306
A0A0H3C9I3,CCNA_01952
A0A0H3C9J6,CCNA_01972
A0A0H3C9K0,CCNA_02624
A0A0H3C9L0,CCNA_01992
A0A0H3C9L1,CCNA_02131
A0A0H3C9L2,CCNA_01514
A0A0H3C9M6,CCNA_02665
A0A0H3C9P6,CCNA_02059
A0A0H3C9Q4,CCNA_02070
A0A0H3C9U0,CCNA_02210
A0A0H3C9U3,CCNA_01594
A0A0H3C9U4,CCNA_02459
A0A0H3C9U8,CCNA_02465
A0A0H3C9V1,CCNA_02220
A0A0H3C9V8,CCNA_01609
A0A0H3C9W6,CCNA_01622
A0A0H3C9X2,CCNA_02490
A0A0H3C9Y1,CCNA_01653
A0A0H3C9Y4,CCNA_02255
A0A0H3C9Y8,CCNA_02145
A0A0H3C9Z1,CCNA_02510
A0A0H3C9Z3,CCNA_01668
A0A0H3CA06,CCNA_02277
A0A0H3CA17,CCNA_02185
A0A0H3CA19,CCNA_02811
A0A0H3CA25,CCNA_02297
A0A0H3CA51,CCNA_02846
A0A0H3CA55,CCNA_01726
A0A0H3CA64,CCNA_02236
A0A0H3CA67,CCNA_02335
A0A0H3CA77,CCNA_01750
A0A0H3CA79,CCNA_02346
A0A0H3CA80,CCNA_02256
A0A0H3CA81,CCNA_02883
A0A0H3CA83,CCNA_01755
A0A0H3CA85,CCNA_02261
A0A0H3CA86,CCNA_02893
A0A0H3CA88,CCNA_01760
A0A0H3CA96,CCNA_02903
A0A0H3CAA2,CCNA_01776
A0A0H3CAA9,CCNA_02650
A0A0H3CAD3,CCNA_01813
A0A0H3CAE0,CCNA_02953
A0A0H3CAE2,CCNA_02325
A0A0H3CAF0,CCNA_02964
A0A0H3CAF6,CCNA_02975
A0A0H3CAG6,CCNA_02444
A0A0H3CAH1,CCNA_02368
A0A0H3CAH6,CCNA_02455
A0A0H3CAH8,CCNA_03002
A0A0H3CAI6,CCNA_02384
A0A0H3CAI7,CCNA_02466
A0A0H3CAI8,CCNA_03013
A0A0H3CAK0,CCNA_03028
A0A0H3CAL0,CCNA_01901
A0A0H3CAM1,CCNA_02428
A0A0H3CAN8,CCNA_01926
A0A0H3CAQ0,CCNA_01936
A0A0H3CAQ3,CCNA_03083
A0A0H3CAQ6,CCNA_01941
A0A0H3CAQ8,CCNA_03088
A0A0H3CAR2,CCNA_01947
A0A0H3CAS2,CCNA_02537
A0A0H3CAS3,CCNA_01961
A0A0H3CAU7,CCNA_02842
A0A0H3CAV2,CCNA_02847
A0A0H3CAW6,CCNA_02580
A0A0H3CAW7,CCNA_03158
A0A0H3CAX1,CCNA_03163
A0A0H3CAX2,CCNA_02587
A0A0H3CAY3,CCNA_02031
A0A0H3CAY5,CCNA_02894
A0A0H3CAZ3,CCNA_02566
A0A0H3CB04,CCNA_02576
A0A0H3CB06,CCNA_03200
A0A0H3CB11,CCNA_03206
A0A0H3CB13,CCNA_02627
A0A0H3CB17,CCNA_02071
A0A0H3CB18,CCNA_03211
A0A0H3CB23,CCNA_02080
A0A0H3CB24,CCNA_02600
A0A0H3CB64,CCNA_03003
A0A0H3CB69,CCNA_03009
A0A0H3CB73,CCNA_03260
A0A0H3CB84,CCNA_02687
A0A0H3CB99,CCNA_02688
A0A0H3CBB3,CCNA_02703
A0A0H3CBB8,CCNA_03336
A0A0H3CBB9,CCNA_02734
A0A0H3CBC1,CCNA_02715
A0A0H3CBC2,CCNA_02164
A0A0H3CBD3,CCNA_03354
A0A0H3CBE0,CCNA_02180
A0A0H3CBF2,CCNA_03107
A0A0H3CBF6,CCNA_02776
A0A0H3CBH0,CCNA_03124
A0A0H3CBH9,CCNA_02222
A0A0H3CBI1,CCNA_03137
A0A0H3CBI9,CCNA_03413
A0A0H3CBJ4,CCNA_03149
A0A0H3CBJ9,CCNA_03154
A0A0H3CBK6,CCNA_03159
A0A0H3CBK8,CCNA_03436
A0A0H3CBM0,CCNA_02848
A0A0H3CBP4,CCNA_02284
A0A0H3CBQ0,CCNA_02889
A0A0H3CBQ4,CCNA_02294
A0A0H3CBQ9,CCNA_02299
A0A0H3CBR1,CCNA_02900
A0A0H3CBS6,CCNA_03514
A0A0H3CBT8,CCNA_03529
A0A0H3CBV3,CCNA_03544
A0A0H3CBV5,CCNA_02354
A0A0H3CBV6,CCNA_03239
A0A0H3CBW6,CCNA_02364
A0A0H3CBY3,CCNA_02385
A0A0H3CBZ2,CCNA_02967
A0A0H3CBZ8,CCNA_03295
A0A0H3CC03,CCNA_02978
A0A0H3CC10,CCNA_03607
A0A0H3CC19,CCNA_03326
A0A0H3CC24,CCNA_03331
A0A0H3CC28,CCNA_03337
A0A0H3CC29,CCNA_03000
A0A0H3CC38,CCNA_03011
A0A0H3CC53,CCNA_03659
A0A0H3CC54,CCNA_03371
A0A0H3CC62,CCNA_03381
A0A0H3CC72,CCNA_03393
A0A0H3CC78,CCNA_03684
A0A0H3CC84,CCNA_03689
A0A0H3CC88,CCNA_03414
A0A0H3CC97,CCNA_03066
A0A0H3CCA1,CCNA_03101
A0A0H3CCA2,CCNA_03713
A0A0H3CCA4,CCNA_03071
A0A0H3CCB2,CCNA_03725
A0A0H3CCB7,CCNA_03731
A0A0H3CCC0,CCNA_02518
A0A0H3CCD5,CCNA_02539
A0A0H3CCD6,CCNA_03752
A0A0H3CCE1,CCNA_02545
A0A0H3CCE2,CCNA_03757
A0A0H3CCF7,CCNA_03126
A0A0H3CCG0,CCNA_03510
A0A0H3CCG1,CCNA_02567
A0A0H3CCG2,CCNA_03171
A0A0H3CCG5,CCNA_02572
A0A0H3CCG7,CCNA_03176
A0A0H3CCH0,CCNA_02577
A0A0H3CCI2,CCNA_03545
A0A0H3CCI7,CCNA_03203
A0A0H3CCI9,CCNA_03558
A0A0H3CCJ0,CCNA_02601
A0A0H3CCJ6,CCNA_02606
A0A0H3CCK5,CCNA_03577
A0A0H3CCK6,CCNA_02617
A0A0H3CCL0,CCNA_03811
A0A0H3CCL4,CCNA_03817
A0A0H3CCL7,CCNA_03592
A0A0H3CCL8,CCNA_03824
A0A0H3CCM3,CCNA_03835
A0A0H3CCM9,CCNA_03609
A0A0H3CCN7,CCNA_03240
A0A0H3CCN8,CCNA_03619
A0A0H3CCP9,CCNA_03257
A0A0H3CCR6,CCNA_03652
A0A0H3CCS6,CCNA_03230
A0A0H3CCT0,CCNA_03235
A0A0H3CCT3,CCNA_03675
A0A0H3CCT7,CCNA_03322
A0A0H3CCU1,CCNA_02689
A0A0H3CCU6,CCNA_03332
A0A0H3CCV1,CCNA_03338
A0A0H3CCV3,CCNA_02699
A0A0H3CCV7,CCNA_02704
A0A0H3CCV9,CCNA_03271
A0A0H3CCW5,CCNA_03702
A0A0H3CCW6,CCNA_03356
A0A0H3CCX1,CCNA_02721
A0A0H3CCX7,CCNA_03714
A0A0H3CCY8,CCNA_03310
A0A0H3CCZ1,CCNA_03732
A0A0H3CCZ6,CCNA_03738
A0A0H3CCZ8,CCNA_03394
A0A0H3CD01,CCNA_03333
A0A0H3CD02,CCNA_03399
A0A0H3CD08,CCNA_02752
A0A0H3CD17,CCNA_03351
A0A0H3CD20,CCNA_03758
A0A0H3CD45,CCNA_03378
A0A0H3CD57,CCNA_03465
A0A0H3CD74,CCNA_03786
A0A0H3CD91,CCNA_03505
A0A0H3CDC9,CCNA_03856
A0A0H3CDD7,CCNA_02902
A0A0H3CDG1,CCNA_03501
A0A0H3CDI6,CCNA_03598
A0A0H3CDJ0,CCNA_03527
A0A0H3CDM8,CCNA_03643
A0A0H3CDN3,CCNA_03648
A0A0H3CDN6,CCNA_03007
A0A0H3CDN9,CCNA_03653
A0A0H3CDQ7,CCNA_03676
A0A0H3CDR0,CCNA_03027
A0A0H3CDU5,CCNA_03722
A0A0H3CDV2,CCNA_03727
A0A0H3CDW7,CCNA_03644
A0A0H3CDX1,CCNA_03744
A0A0H3CDZ7,CCNA_03672
A0A0H3CE05,CCNA_03776
A0A0H3CE14,CCNA_03687
A0A0H3CE33,CCNA_03787
A0A0H3CE34,CCNA_03711
A0A0H3CE37,CCNA_03792
A0A0H3CE62,CCNA_03740
A0A0H3CE63,CCNA_03819
A0A0H3CE68,CCNA_03745
A0A0H3CEH0,CCNA_03833
A0A0H3CEI3,CCNA_03293
A0A0H3CEJ3,CCNA_01298 CCNA_03303
A0A0H3CEJ9,CCNA_03311
A0A0H3CEM1,CCNA_03335
A0A0H3CEN1,CCNA_03347
A0A0H3CEP3,CCNA_03358
A0A0H3CEP9,CCNA_03364
A0A0H3CEU4,CCNA_03406
A0A0H3CEU9,CCNA_03412
A0A0H3CEY6,CCNA_03445
A0A0H3CF45,CCNA_03508
A0A0H3CF49,CCNA_03513
A0A0H3CF65,CCNA_03528
A0A0H3CF85,CCNA_03543
A0A0H3CF90,CCNA_03548
A0A0H3CFI3,CCNA_03645
A0A0H3CFJ6,CCNA_03658
A0A0H3CFK2,CCNA_03663
A0A0H3CFM6,CCNA_03683
A0A0H3CFS1,CCNA_03730
A0A0H3CFS6,CCNA_03735
A0A0H3CFS9,CCNA_03741
A0A0H3CFT4,CCNA_03746
A0A0H3CFW1,CCNA_03766
A0A0H3CG05,CCNA_03783
A0A0H3CG38,CCNA_03816
A0A0H3CG43,CCNA_03821
A0A0H3CG62,CCNA_03840
A0A0H3CG72,CCNA_03852
A0A0H3CG77,CCNA_03860
B8GVD0,CCNA_01635
B8GVD8,CCNA_01643
B8GVF3,CCNA_01658
B8GVF8,CCNA_01663
B8GVG0,CCNA_01665
B8GVN4,CCNA_01739
B8GVN5,CCNA_01740
B8GVN6,CCNA_01741
B8GVP4,CCNA_01749
B8GVS9,CCNA_03767
B8GVT2,CCNA_03770
B8GVZ0,CCNA_03828
B8GW06,CCNA_03844
B8GW12,CCNA_03850
B8GW16,CCNA_03854
B8GW20,CCNA_03858
B8GW27,CCNA_03865
B8GW31,CCNA_03869
B8GW32,CCNA_03870
B8GW33,CCNA_03871
B8GW65,CCNA_01792
B8GW92,CCNA_01819
B8GWM3,CCNA_01950
B8GWP8,CCNA_01975
B8GWP9,CCNA_01976
B8GWR1,CCNA_01988
B8GWR2,CCNA_01989
B8GWR3,CCNA_01990
B8GWS0,CCNA_01997
B8GWS2,CCNA_01999
B8GWS3,CCNA_02000
B8GWT1,CCNA_02008
B8GWW4,CCNA_00007
B8GWW5,CCNA_00008
B8GWX1,CCNA_00014
B8GWZ1,CCNA_00034
B8GWZ3,CCNA_00036
B8GX01,CCNA_00044
B8GX09,CCNA_00052
B8GX11,CCNA_02036
B8GX35,CCNA_02060
B8GX56,CCNA_02081
B8GX57,CCNA_02082
B8GX62,CCNA_02087
B8GX72,CCNA_02097
B8GXA8,CCNA_02133
B8GXB5,CCNA_02140
B8GXC6,CCNA_02151
B8GXH3,CCNA_00082
B8GXM1,CCNA_00130
B8GXP3,CCNA_00152
B8GY65,CCNA_00195
B8GYB5,CCNA_00245
B8GYD9,CCNA_00269
B8GYE0,CCNA_00270
B8GYE3,CCNA_00273
B8GYE8,CCNA_00278
B8GYF1,CCNA_00281
B8GYG5,CCNA_00295
B8GYH3,CCNA_00303
B8GYL6,CCNA_02324
B8GYW7,CCNA_02425
B8GYX1,CCNA_00320
B8GZ98,CCNA_00447
B8GZC1,CCNA_02445
B8GZJ5,CCNA_02519
B8GZJ7,CCNA_02521
B8GZL9,CCNA_02543
B8GZM8,CCNA_02552
B8GZU8,CCNA_00517
B8GZU9,CCNA_00518
B8GZV6,CCNA_00525
B8GZW1,CCNA_00530
B8GZW2,CCNA_00531
B8H051,CCNA_02594
B8H053,CCNA_02596
B8H082,CCNA_02625
B8H0A2,CCNA_02645
B8H0A3,CCNA_02646
B8H0C0,CCNA_02663
B8H0N0,CCNA_00664
B8H0P3,CCNA_00677
B8H0P4,CCNA_00678
B8H0R5,CCNA_00699
B8H172,CCNA_00730
B8H173,CCNA_00731
B8H1A0,CCNA_00758
B8H1E7,CCNA_00805
B8H1F0,CCNA_00808
B8H1Q1,CCNA_02885
B8H1Q2,CCNA_02886
B8H1Q3,CCNA_02887
B8H1Q4,CCNA_02888
B8H1V7,CCNA_02941
B8H2F3,CCNA_03006
B8H2S1,CCNA_01010
B8H308,CCNA_01097
B8H309,CCNA_01098
B8H312,CCNA_01101
B8H364,CCNA_03136
B8H3F9,CCNA_01113
B8H3S9,CCNA_01233
B8H414,CCNA_03304
B8H415,CCNA_03305
B8H416,CCNA_03306
B8H428,CCNA_03318
B8H429,CCNA_03319
B8H455,CCNA_03345
B8H4D3,CCNA_01305
B8H4D5,CCNA_01307
B8H4D6,CCNA_01308
B8H4D7,CCNA_01309
B8H4D8,CCNA_01310
B8H4E0,CCNA_01312
B8H4E1,CCNA_01313
B8H4E2,CCNA_01314
B8H4E3,CCNA_01315
B8H4E4,CCNA_01316
B8H4E5,CCNA_01317
B8H4E6,CCNA_01318
B8H4E8,CCNA_01320
B8H4E9,CCNA_01321
B8H4F0,CCNA_01322
B8H4F1,CCNA_01323
B8H4F2,CCNA_01324
B8H4F3,CCNA_01325
B8H4F6,CCNA_01328
B8H4F7,CCNA_01329
B8H4G0,CCNA_01332
B8H4M5,CCNA_03384
B8H4S1,CCNA_03430
B8H4V4,CCNA_03463
B8H4V5,CCNA_03464
B8H4W0,CCNA_03469
B8H4W6,CCNA_03475
B8H516,CCNA_01403
B8H533,CCNA_01420
B8H535,CCNA_01422
B8H546,CCNA_01433
B8H554,CCNA_01441
B8H555,CCNA_01442
B8H5A9,CCNA_01496
B8H5H3,CCNA_03553
B8H5I1,CCNA_03561
B8H5I3,CCNA_03563
B8H5S2,CCNA_01525
B8H5V4,CCNA_01557
B8H618,CCNA_01621
B8H624,CCNA_01627
B8H661,CCNA_03657
B8H6A4,CCNA_03700
B8H6A5,CCNA_03701
B8H6D3,CCNA_03729
A0A0H3C2J2,CCNA_00019
A0A0H3C2K2,CCNA_00029
A0A0H3C2K6,CCNA_00037
A0A0H3C2L2,CCNA_00042
A0A0H3C2L6,CCNA_00049
A0A0H3C2M5,CCNA_00061
A0A0H3C2M9,CCNA_00066
A0A0H3C2N3,CCNA_00072
A0A0H3C2N9,CCNA_00077
A0A0H3C2P9,CCNA_00088
A0A0H3C2Q5,CCNA_00093
A0A0H3C2R0,CCNA_00098
A0A0H3C2S2,CCNA_00110
A0A0H3C2S9,CCNA_00115
A0A0H3C2T4,CCNA_00121
A0A0H3C2U3,CCNA_00126
A0A0H3C2U8,CCNA_00134
A0A0H3C2V3,CCNA_00139
A0A0H3C2W3,CCNA_00150
A0A0H3C2W8,CCNA_00161
A0A0H3C2X3,CCNA_00166
A0A0H3C2Y0,CCNA_00171
A0A0H3C2Y8,CCNA_00181
A0A0H3C2Z3,CCNA_00186
A0A0H3C2Z8,CCNA_00191
A0A0H3C307,CCNA_00203
A0A0H3C312,CCNA_00208
A0A0H3C318,CCNA_00213
A0A0H3C324,CCNA_00218
A0A0H3C329,CCNA_00225
A0A0H3C339,CCNA_00236
A0A0H3C344,CCNA_00241
A0A0H3C362,CCNA_00259
A0A0H3C369,CCNA_00264
A0A0H3C372,CCNA_00271
A0A0H3C375,CCNA_00279
A0A0H3C379,CCNA_00287
A0A0H3C3A6,CCNA_00315
A0A0H3C3B1,CCNA_00323
A0A0H3C3B5,CCNA_00330
A0A0H3C3C0,CCNA_00335
A0A0H3C3D8,CCNA_00356
A0A0H3C3E4,CCNA_00361
A0A0H3C3F1,CCNA_00366
A0A0H3C3G2,CCNA_00376
A0A0H3C3G8,CCNA_00384
A0A0H3C3H4,CCNA_00389
A0A0H3C3I1,CCNA_00394
A0A0H3C3I8,CCNA_00399
A0A0H3C3J4,CCNA_00404
A0A0H3C3K0,CCNA_00409
A0A0H3C3K7,CCNA_00414
A0A0H3C3L3,CCNA_00020
A0A0H3C3L7,CCNA_00025
A0A0H3C3L9,CCNA_00030
A0A0H3C3M3,CCNA_00038
A0A0H3C3N4,CCNA_00056
A0A0H3C3P2,CCNA_00420
A0A0H3C3P4,CCNA_00067
A0A0H3C3P6,CCNA_00425
A0A0H3C3P8,CCNA_00073
A0A0H3C3Q1,CCNA_00430
A0A0H3C3Q3,CCNA_00078
A0A0H3C3Q5,CCNA_00435
A0A0H3C3R0,CCNA_00440
A0A0H3C3R3,CCNA_00089
A0A0H3C3R6,CCNA_00094
A0A0H3C3S0,CCNA_00451
A0A0H3C3S7,CCNA_00105
A0A0H3C3S8,CCNA_00464
A0A0H3C3T1,CCNA_00111
A0A0H3C3T2,CCNA_00469
A0A0H3C3T9,CCNA_00122
A0A0H3C3U1,CCNA_00127
A0A0H3C3U2,CCNA_00479
A0A0H3C3U5,CCNA_00135
A0A0H3C3U6,CCNA_00484
A0A0H3C3V2,CCNA_00490
A0A0H3C3V9,CCNA_00498
A0A0H3C3W1,CCNA_00146
A0A0H3C3W3,CCNA_00503
A0A0H3C3W6,CCNA_00154
A0A0H3C3W8,CCNA_00508
A0A0H3C3X1,CCNA_00162
A0A0H3C3X4,CCNA_00514
A0A0H3C3X6,CCNA_00167
A0A0H3C3Y0,CCNA_00522
A0A0H3C3Y1,CCNA_00172
A0A0H3C3Z0,CCNA_00535
A0A0H3C3Z1,CCNA_00182
A0A0H3C3Z4,CCNA_00187
A0A0H3C3Z5,CCNA_00542
A0A0H3C3Z8,CCNA_00192
A0A0H3C400,CCNA_00547
A0A0H3C403,CCNA_00552
A0A0H3C404,CCNA_00199
A0A0H3C408,CCNA_00557
A0A0H3C413,CCNA_00209
A0A0H3C414,CCNA_00563
A0A0H3C421,CCNA_00214
A0A0H3C423,CCNA_00573
A0A0H3C425,CCNA_00220
A0A0H3C426,CCNA_00579
A0A0H3C429,CCNA_00227
A0A0H3C432,CCNA_00586
A0A0H3C433,CCNA_00232
A0A0H3C436,CCNA_00591
A0A0H3C437,CCNA_00237
A0A0H3C440,CCNA_00596
A0A0H3C442,CCNA_00243
A0A0H3C444,CCNA_00602
A0A0H3C446,CCNA_00249
A0A0H3C448,CCNA_00608
A0A0H3C451,CCNA_00254
A0A0H3C456,CCNA_00260
A0A0H3C465,CCNA_00272
A0A0H3C466,CCNA_00623
A0A0H3C471,CCNA_00282
A0A0H3C473,CCNA_00628
A0A0H3C475,CCNA_00288
A0A0H3C483,CCNA_00638
A0A0H3C485,CCNA_00300
A0A0H3C487,CCNA_00643
A0A0H3C490,CCNA_00006
A0A0H3C491,CCNA_00306
A0A0H3C492,CCNA_00648
A0A0H3C495,CCNA_00311
A0A0H3C499,CCNA_00318
A0A0H3C4A2,CCNA_00021
A0A0H3C4A4,CCNA_00324
A0A0H3C4A5,CCNA_00658
A0A0H3C4B0,CCNA_00663
A0A0H3C4B9,CCNA_00347
A0A0H3C4C1,CCNA_00669
A0A0H3C4C3,CCNA_00039
A0A0H3C4C4,CCNA_00352
A0A0H3C4C5,CCNA_00674
A0A0H3C4C7,CCNA_00357
A0A0H3C4D1,CCNA_00681
A0A0H3C4D4,CCNA_00051
A0A0H3C4D5,CCNA_00686
A0A0H3C4D8,CCNA_00367
A0A0H3C4D9,CCNA_00057
A0A0H3C4E0,CCNA_00691
A0A0H3C4E5,CCNA_00696
A0A0H3C4E9,CCNA_00704
A0A0H3C4F0,CCNA_00378
A0A0H3C4F4,CCNA_00710
A0A0H3C4F6,CCNA_00385
A0A0H3C4F7,CCNA_00079
A0A0H3C4F9,CCNA_00718
A0A0H3C4G2,CCNA_00085
A0A0H3C4G4,CCNA_00390
A0A0H3C4G8,CCNA_00732
A0A0H3C4G9,CCNA_00395
A0A0H3C4H1,CCNA_00095
A0A0H3C4H6,CCNA_00400
A0A0H3C4H8,CCNA_00743
A0A0H3C4I2,CCNA_00405
A0A0H3C4I3,CCNA_00748
A0A0H3C4I4,CCNA_00112
A0A0H3C4I8,CCNA_00410
A0A0H3C4J3,CCNA_00759
A0A0H3C4J4,CCNA_00415
A0A0H3C4J6,CCNA_00129
A0A0H3C4J9,CCNA_00136
A0A0H3C4K3,CCNA_00141
A0A0H3C4K4,CCNA_00769
A0A0H3C4K7,CCNA_00147
A0A0H3C4K9,CCNA_00775
A0A0H3C4L0,CCNA_00156
A0A0H3C4L3,CCNA_00780
A0A0H3C4L8,CCNA_00168
A0A0H3C4M0,CCNA_00792
A0A0H3C4M4,CCNA_00798
A0A0H3C4M6,CCNA_00426
A0A0H3C4M7,CCNA_00178
A0A0H3C4M8,CCNA_00803
A0A0H3C4N0,CCNA_00431
A0A0H3C4N2,CCNA_00812
A0A0H3C4N4,CCNA_00188
A0A0H3C4N5,CCNA_00817
A0A0H3C4N6,CCNA_00436
A0A0H3C4N9,CCNA_00441
A0A0H3C4P0,CCNA_00823
A0A0H3C4P2,CCNA_00200
A0A0H3C4P3,CCNA_00446
A0A0H3C4P5,CCNA_00828
A0A0H3C4P7,CCNA_00205
A0A0H3C4Q2,CCNA_00210
A0A0H3C4Q6,CCNA_00840
A0A0H3C4Q7,CCNA_00215
A0A0H3C4Q9,CCNA_00465
A0A0H3C4R1,CCNA_00845
A0A0H3C4R2,CCNA_00221
A0A0H3C4R6,CCNA_00470
A0A0H3C4R7,CCNA_00228
A0A0H3C4S0,CCNA_00475
A0A0H3C4S2,CCNA_00855
A0A0H3C4S3,CCNA_00233
A0A0H3C4S6,CCNA_00480
A0A0H3C4S7,CCNA_00860
A0A0H3C4T2,CCNA_00866
A0A0H3C4T3,CCNA_00244
A0A0H3C4T8,CCNA_00250
A0A0H3C4U1,CCNA_00499
A0A0H3C4U2,CCNA_00877
A0A0H3C4U3,CCNA_00255
A0A0H3C4V1,CCNA_00509
A0A0H3C4V2,CCNA_00888
A0A0H3C4V4,CCNA_00266
A0A0H3C4V7,CCNA_00893
A0A0H3C4W5,CCNA_00529
A0A0H3C4W6,CCNA_00903
A0A0H3C4X0,CCNA_00908
A0A0H3C4X3,CCNA_00543
A0A0H3C4X4,CCNA_00913
A0A0H3C4Y1,CCNA_00274
A0A0H3C4Y4,CCNA_00923
A0A0H3C4Y8,CCNA_00928
A0A0H3C4Z0,CCNA_00289
A0A0H3C4Z2,CCNA_00933
A0A0H3C4Z7,CCNA_00938
A0A0H3C4Z9,CCNA_00301
A0A0H3C502,CCNA_00558
A0A0H3C504,CCNA_00307
A0A0H3C507,CCNA_00948
A0A0H3C508,CCNA_00312
A0A0H3C512,CCNA_00319
A0A0H3C515,CCNA_00569
A0A0H3C517,CCNA_00326
A0A0H3C518,CCNA_00574
A0A0H3C519,CCNA_00959
A0A0H3C522,CCNA_00580
A0A0H3C524,CCNA_00337
A0A0H3C525,CCNA_00587
A0A0H3C526,CCNA_00965
A0A0H3C530,CCNA_00971
A0A0H3C532,CCNA_00592
A0A0H3C533,CCNA_00017
A0A0H3C536,CCNA_00022
A0A0H3C538,CCNA_00353
A0A0H3C539,CCNA_00027
A0A0H3C541,CCNA_00358
A0A0H3C542,CCNA_00597
A0A0H3C543,CCNA_00032
A0A0H3C546,CCNA_00603
A0A0H3C547,CCNA_00040
A0A0H3C549,CCNA_00609
A0A0H3C551,CCNA_00046
A0A0H3C552,CCNA_00614
A0A0H3C553,CCNA_00368
A0A0H3C558,CCNA_00058
A0A0H3C560,CCNA_00064
A0A0H3C562,CCNA_00379
A0A0H3C565,CCNA_00075
A0A0H3C566,CCNA_00386
A0A0H3C567,CCNA_00080
A0A0H3C568,CCNA_00624
A0A0H3C569,CCNA_00982
A0A0H3C571,CCNA_00086
A0A0H3C572,CCNA_00629
A0A0H3C573,CCNA_00391
A0A0H3C574,CCNA_00987
A0A0H3C575,CCNA_00091
A0A0H3C577,CCNA_00634
A0A0H3C579,CCNA_00992
A0A0H3C580,CCNA_00396
A0A0H3C583,CCNA_00639
A0A0H3C584,CCNA_00997
A0A0H3C585,CCNA_00401
A0A0H3C586,CCNA_00108
A0A0H3C589,CCNA_00644
A0A0H3C590,CCNA_00113
A0A0H3C591,CCNA_00406
A0A0H3C592,CCNA_00119
A0A0H3C593,CCNA_01007
A0A0H3C595,CCNA_00649
A0A0H3C596,CCNA_00411
A0A0H3C597,CCNA_00124
A0A0H3C598,CCNA_01015
A0A0H3C5A0,CCNA_00131
A0A0H3C5A2,CCNA_00416
A0A0H3C5A4,CCNA_01020
A0A0H3C5A8,CCNA_01025
A0A0H3C5A9,CCNA_00148
A0A0H3C5B0,CCNA_00665
A0A0H3C5B2,CCNA_00157
A0A0H3C5B4,CCNA_00670
A0A0H3C5B6,CCNA_00164
A0A0H3C5B8,CCNA_00169
A0A0H3C5C2,CCNA_01040
A0A0H3C5C3,CCNA_00682
A0A0H3C5C4,CCNA_00179
A0A0H3C5C5,CCNA_01045
A0A0H3C5C6,CCNA_00687
A0A0H3C5C7,CCNA_00184
A0A0H3C5C8,CCNA_01050
A0A0H3C5C9,CCNA_00189
A0A0H3C5D0,CCNA_00692
A0A0H3C5D1,CCNA_01055
A0A0H3C5D2,CCNA_00194
A0A0H3C5D3,CCNA_00698
A0A0H3C5D4,CCNA_00201
A0A0H3C5D5,CCNA_00705
A0A0H3C5D6,CCNA_00422
A0A0H3C5D7,CCNA_00206
A0A0H3C5D8,CCNA_00427
A0A0H3C5D9,CCNA_00711
A0A0H3C5E1,CCNA_00211
A0A0H3C5E2,CCNA_00432
A0A0H3C5E3,CCNA_00719
A0A0H3C5E5,CCNA_00437
A0A0H3C5E6,CCNA_00216
A0A0H3C5E8,CCNA_00726
A0A0H3C5F0,CCNA_00223
A0A0H3C5F2,CCNA_00733
A0A0H3C5F3,CCNA_00448
A0A0H3C5F5,CCNA_00738
A0A0H3C5F8,CCNA_00453
A0A0H3C5F9,CCNA_00229
A0A0H3C5G0,CCNA_00744
A0A0H3C5G2,CCNA_01065
A0A0H3C5G4,CCNA_00234
A0A0H3C5G7,CCNA_00239
A0A0H3C5G8,CCNA_01070
A0A0H3C5G9,CCNA_00466
A0A0H3C5H0,CCNA_00754
A0A0H3C5H2,CCNA_00246
A0A0H3C5H4,CCNA_01075
A0A0H3C5H5,CCNA_00251
A0A0H3C5H8,CCNA_00476
A0A0H3C5H9,CCNA_01080
A0A0H3C5I0,CCNA_00256
A0A0H3C5I2,CCNA_00481
A0A0H3C5I4,CCNA_00765
A0A0H3C5I6,CCNA_00486
A0A0H3C5I9,CCNA_00770
A0A0H3C5J0,CCNA_00493
A0A0H3C5J3,CCNA_01099
A0A0H3C5J4,CCNA_00776
A0A0H3C5J6,CCNA_00500
A0A0H3C5J7,CCNA_00275 CCNA_01874
A0A0H3C5J9,CCNA_00781
A0A0H3C5K2,CCNA_00284
A0A0H3C5K4,CCNA_00787
A0A0H3C5K6,CCNA_00510
A0A0H3C5K7,CCNA_00290
A0A0H3C5K9,CCNA_00793
A0A0H3C5L0,CCNA_00297
A0A0H3C5L2,CCNA_00799
A0A0H3C5L3,CCNA_00302
A0A0H3C5L5,CCNA_00308
A0A0H3C5L6,CCNA_00804
A0A0H3C5L8,CCNA_00313
A0A0H3C5L9,CCNA_00813
A0A0H3C5M3,CCNA_00818
A0A0H3C5M4,CCNA_00327
A0A0H3C5M5,CCNA_00824
A0A0H3C5M7,CCNA_00333
A0A0H3C5M9,CCNA_00516
A0A0H3C5N1,CCNA_00338
A0A0H3C5N3,CCNA_01121
A0A0H3C5N4,CCNA_00344
A0A0H3C5N5,CCNA_00524
A0A0H3C5N9,CCNA_00354
A0A0H3C5P0,CCNA_01128
A0A0H3C5P1,CCNA_00532
A0A0H3C5P3,CCNA_00359
A0A0H3C5P4,CCNA_00841
A0A0H3C5P5,CCNA_01133
A0A0H3C5P6,CCNA_00538
A0A0H3C5P8,CCNA_00364
A0A0H3C5P9,CCNA_01138
A0A0H3C5Q0,CCNA_00544
A0A0H3C5Q3,CCNA_00369
A0A0H3C5Q5,CCNA_00549 CCNA_02373 CCNA_02772 CCNA_02828
A0A0H3C5Q6,CCNA_01151
A0A0H3C5Q7,CCNA_00851
A0A0H3C5R0,CCNA_00554
A0A0H3C5R1,CCNA_01156
A0A0H3C5R2,CCNA_00380
A0A0H3C5R5,CCNA_00560
A0A0H3C5R7,CCNA_00387
A0A0H3C5R9,CCNA_00861
A0A0H3C5S2,CCNA_01167
A0A0H3C5S3,CCNA_00023
A0A0H3C5S4,CCNA_00867
A0A0H3C5S5,CCNA_00570
A0A0H3C5S6,CCNA_00397
A0A0H3C5S7,CCNA_00028
A0A0H3C5S8,CCNA_01172
A0A0H3C5S9,CCNA_00873
A0A0H3C5T0,CCNA_00575
A0A0H3C5T1,CCNA_00402
A0A0H3C5T3,CCNA_01177
A0A0H3C5T4,CCNA_00407
A0A0H3C5T5,CCNA_00582
A0A0H3C5T6,CCNA_00878
A0A0H3C5T7,CCNA_01182
A0A0H3C5T9,CCNA_00412
A0A0H3C5U0,CCNA_00588
A0A0H3C5U1,CCNA_00884
A0A0H3C5U3,CCNA_00593
A0A0H3C5U4,CCNA_00417
A0A0H3C5U5,CCNA_00889
A0A0H3C5U6,CCNA_00598
A0A0H3C5U9,CCNA_00604
A0A0H3C5V0,CCNA_00610
A0A0H3C5V1,CCNA_00060
A0A0H3C5V2,CCNA_00615
A0A0H3C5V4,CCNA_00065
A0A0H3C5V5,CCNA_00423
A0A0H3C5V7,CCNA_00904
A0A0H3C5V8,CCNA_00071
A0A0H3C5V9,CCNA_00428
A0A0H3C5W0,CCNA_01187
A0A0H3C5W1,CCNA_00625
A0A0H3C5W2,CCNA_00433
A0A0H3C5W3,CCNA_00909
A0A0H3C5W4,CCNA_00076
A0A0H3C5W5,CCNA_00438
A0A0H3C5W8,CCNA_00914
A0A0H3C5W9,CCNA_00081
A0A0H3C5X0,CCNA_00443
A0A0H3C5X1,CCNA_00635
A0A0H3C5X2,CCNA_00449
A0A0H3C5X3,CCNA_01197
A0A0H3C5X4,CCNA_00087
A0A0H3C5X5,CCNA_00454
A0A0H3C5X6,CCNA_00919
A0A0H3C5X7,CCNA_00640
A0A0H3C5X9,CCNA_00092
A0A0H3C5Y1,CCNA_00645
A0A0H3C5Y2,CCNA_00467
A0A0H3C5Y3,CCNA_00924
A0A0H3C5Y4,CCNA_00650
A0A0H3C5Y6,CCNA_00097
A0A0H3C5Y8,CCNA_00477
A0A0H3C5Y9,CCNA_01207
A0A0H3C5Z0,CCNA_00655
A0A0H3C5Z1,CCNA_00482
A0A0H3C5Z2,CCNA_00660 CCNA_02739 CCNA_02814
A0A0H3C5Z3,CCNA_00102
A0A0H3C5Z4,CCNA_01213
A0A0H3C5Z5,CCNA_00487
A0A0H3C5Z6,CCNA_00934
A0A0H3C5Z7,CCNA_00109
A0A0H3C5Z8,CCNA_00666
A0A0H3C5Z9,CCNA_00494
A0A0H3C600,CCNA_01218
A0A0H3C601,CCNA_00939
A0A0H3C603,CCNA_00671
A0A0H3C604,CCNA_00114
A0A0H3C606,CCNA_00944
A0A0H3C608,CCNA_00120
A0A0H3C609,CCNA_00676
A0A0H3C610,CCNA_00949
A0A0H3C611,CCNA_00511
A0A0H3C612,CCNA_01228
A0A0H3C613,CCNA_00683
A0A0H3C614,CCNA_00125
A0A0H3C615,CCNA_00519
A0A0H3C616,CCNA_01234
A0A0H3C617,CCNA_00954
A0A0H3C618,CCNA_00526
A0A0H3C619,CCNA_00688
A0A0H3C620,CCNA_00132
A0A0H3C622,CCNA_00533
A0A0H3C623,CCNA_00961
A0A0H3C624,CCNA_00693
A0A0H3C625,CCNA_00138
A0A0H3C626,CCNA_01244
A0A0H3C627,CCNA_00539
A0A0H3C628,CCNA_00967
A0A0H3C629,CCNA_00545
A0A0H3C630,CCNA_01249
A0A0H3C632,CCNA_00700
A0A0H3C633,CCNA_00550
A0A0H3C634,CCNA_00972
A0A0H3C635,CCNA_01255
A0A0H3C636,CCNA_00149
A0A0H3C638,CCNA_00706
A0A0H3C639,CCNA_01260
A0A0H3C640,CCNA_00561
A0A0H3C641,CCNA_00160
A0A0H3C642,CCNA_00712
A0A0H3C644,CCNA_01265
A0A0H3C645,CCNA_00165
A0A0H3C648,CCNA_01270
A0A0H3C649,CCNA_00170
A0A0H3C651,CCNA_01277
A0A0H3C652,CCNA_00727
A0A0H3C654,CCNA_00583
A0A0H3C655,CCNA_00734
A0A0H3C656,CCNA_01282
A0A0H3C657,CCNA_00180
A0A0H3C658,CCNA_00589
A0A0H3C660,CCNA_00594
A0A0H3C661,CCNA_01287
A0A0H3C662,CCNA_00185
A0A0H3C664,CCNA_00745
A0A0H3C665,CCNA_00600
A0A0H3C666,CCNA_00190
A0A0H3C667,CCNA_01292
A0A0H3C669,CCNA_00605
A0A0H3C670,CCNA_00750
A0A0H3C673,CCNA_00988
A0A0H3C674,CCNA_01297
A0A0H3C675,CCNA_00755
A0A0H3C676,CCNA_00616
A0A0H3C678,CCNA_00993
A0A0H3C679,CCNA_00621
A0A0H3C680,CCNA_01302
A0A0H3C681,CCNA_00761
A0A0H3C682,CCNA_00207
A0A0H3C683,CCNA_00626
A0A0H3C684,CCNA_00998
A0A0H3C687,CCNA_00631
A0A0H3C689,CCNA_00212
A0A0H3C690,CCNA_01336
A0A0H3C691,CCNA_00772
A0A0H3C692,CCNA_00636
A0A0H3C693,CCNA_00217
A0A0H3C694,CCNA_01009
A0A0H3C695,CCNA_00777
A0A0H3C697,CCNA_00641
A0A0H3C698,CCNA_00224
A0A0H3C699,CCNA_01016
A0A0H3C6A0,CCNA_00782
A0A0H3C6A2,CCNA_01346
A0A0H3C6A4,CCNA_01021
A0A0H3C6A6,CCNA_00788
A0A0H3C6A7,CCNA_01351
A0A0H3C6A8,CCNA_01026
A0A0H3C6B0,CCNA_00235
A0A0H3C6B1,CCNA_00794
A0A0H3C6B2,CCNA_01031
A0A0H3C6B3,CCNA_00661 CCNA_02740 CCNA_02813
A0A0H3C6B4,CCNA_01356
A0A0H3C6B5,CCNA_00240
A0A0H3C6B7,CCNA_00667
A0A0H3C6B8,CCNA_01036
A0A0H3C6B9,CCNA_00247
A0A0H3C6C0,CCNA_01361
A0A0H3C6C1,CCNA_00672
A0A0H3C6C2,CCNA_01041
A0A0H3C6C3,CCNA_00809
A0A0H3C6C6,CCNA_01366
A0A0H3C6C8,CCNA_00684
A0A0H3C6C9,CCNA_00814
A0A0H3C6D0,CCNA_01051
A0A0H3C6D4,CCNA_00820
A0A0H3C6D5,CCNA_01056
A0A0H3C6D6,CCNA_01377
A0A0H3C6D7,CCNA_00263
A0A0H3C6D8,CCNA_00694
A0A0H3C6D9,CCNA_01382
A0A0H3C6E0,CCNA_00825
A0A0H3C6E1,CCNA_01061
A0A0H3C6E3,CCNA_00701
A0A0H3C6E4,CCNA_01387
A0A0H3C6E5,CCNA_00831
A0A0H3C6E6,CCNA_01066
A0A0H3C6E7,CCNA_00707
A0A0H3C6E8,CCNA_00276
A0A0H3C6E9,CCNA_01392
A0A0H3C6F0,CCNA_01071
A0A0H3C6F1,CCNA_00837
A0A0H3C6F2,CCNA_00714
A0A0H3C6F3,CCNA_01076
A0A0H3C6F4,CCNA_00286
A0A0H3C6F5,CCNA_00723
A0A0H3C6F7,CCNA_00842
A0A0H3C6F8,CCNA_01081
A0A0H3C6F9,CCNA_00728
A0A0H3C6G0,CCNA_00291
A0A0H3C6G1,CCNA_01406
A0A0H3C6G2,CCNA_00847
A0A0H3C6G3,CCNA_01087
A0A0H3C6G4,CCNA_00735
A0A0H3C6G5,CCNA_00298
A0A0H3C6G6,CCNA_01092
A0A0H3C6G7,CCNA_00741
A0A0H3C6G8,CCNA_01412
A0A0H3C6G9,CCNA_00852
A0A0H3C6H0,CCNA_01100
A0A0H3C6H1,CCNA_00746
A0A0H3C6H3,CCNA_00857
A0A0H3C6H5,CCNA_01106
A0A0H3C6H6,CCNA_00862
A0A0H3C6H7,CCNA_00309
A0A0H3C6H8,CCNA_01424
A0A0H3C6H9,CCNA_00869
A0A0H3C6I0,CCNA_01111
A0A0H3C6I1,CCNA_00314
A0A0H3C6I2,CCNA_01430
A0A0H3C6I3,CCNA_01117
A0A0H3C6I4,CCNA_00874
A0A0H3C6I5,CCNA_00322
A0A0H3C6I6,CCNA_01122
A0A0H3C6I7,CCNA_01437
A0A0H3C6I8,CCNA_00879
A0A0H3C6I9,CCNA_00751
A0A0H3C6J0,CCNA_00756
A0A0H3C6J1,CCNA_00329
A0A0H3C6J2,CCNA_00762
A0A0H3C6J3,CCNA_00767
A0A0H3C6J5,CCNA_01445
A0A0H3C6J7,CCNA_00885
A0A0H3C6J9,CCNA_00334
A0A0H3C6K0,CCNA_01134
A0A0H3C6K1,CCNA_00890
A0A0H3C6K2,CCNA_00339
A0A0H3C6K4,CCNA_01139
A0A0H3C6K5,CCNA_00895
A0A0H3C6K6,CCNA_00789
A0A0H3C6K7,CCNA_00345
A0A0H3C6K9,CCNA_00795
A0A0H3C6L0,CCNA_00900
A0A0H3C6L2,CCNA_00350
A0A0H3C6L4,CCNA_01450
A0A0H3C6L5,CCNA_00905
A0A0H3C6L6,CCNA_00810
A0A0H3C6L7,CCNA_01157
A0A0H3C6L8,CCNA_00355
A0A0H3C6M0,CCNA_00821
A0A0H3C6M1,CCNA_01458
A0A0H3C6M2,CCNA_01163
A0A0H3C6M3,CCNA_00826
A0A0H3C6M4,CCNA_00910
A0A0H3C6M5,CCNA_00360
A0A0H3C6M6,CCNA_00832
A0A0H3C6M8,CCNA_00838
A0A0H3C6N0,CCNA_00915
A0A0H3C6N2,CCNA_00843
A0A0H3C6N3,CCNA_01468
A0A0H3C6N5,CCNA_00920
A0A0H3C6N7,CCNA_00848
A0A0H3C6N8,CCNA_01178
A0A0H3C6N9,CCNA_00925
A0A0H3C6P2,CCNA_00375
A0A0H3C6P3,CCNA_00858
A0A0H3C6P5,CCNA_01183
A0A0H3C6P7,CCNA_01478
A0A0H3C6P8,CCNA_00863
A0A0H3C6P9,CCNA_00935
A0A0H3C6Q0,CCNA_01188
A0A0H3C6Q1,CCNA_00870
A0A0H3C6Q2,CCNA_00388
A0A0H3C6Q3,CCNA_01484
A0A0H3C6Q4,CCNA_00875
A0A0H3C6Q5,CCNA_00940
A0A0H3C6Q6,CCNA_01193
A0A0H3C6Q7,CCNA_00393
A0A0H3C6Q8,CCNA_00880
A0A0H3C6R0,CCNA_00398
A0A0H3C6R3,CCNA_00945
A0A0H3C6R4,CCNA_00891
A0A0H3C6R5,CCNA_00403
A0A0H3C6R6,CCNA_01494
A0A0H3C6R8,CCNA_01203
A0A0H3C6R9,CCNA_00896
A0A0H3C6S0,CCNA_00408
A0A0H3C6S1,CCNA_00901
A0A0H3C6S2,CCNA_01500
A0A0H3C6S3,CCNA_01208
A0A0H3C6S5,CCNA_00906
A0A0H3C6S6,CCNA_00413
A0A0H3C6S7,CCNA_00911
A0A0H3C6S8,CCNA_01214
A0A0H3C6S9,CCNA_01505
A0A0H3C6T0,CCNA_00916
A0A0H3C6T1,CCNA_00962
A0A0H3C6T2,CCNA_01219
A0A0H3C6T3,CCNA_00968
A0A0H3C6T4,CCNA_01510
A0A0H3C6T6,CCNA_00973
A0A0H3C6T7,CCNA_01224
A0A0H3C6T9,CCNA_00926
A0A0H3C6U0,CCNA_01521
A0A0H3C6U3,CCNA_00936
A0A0H3C6U4,CCNA_01532
A0A0H3C6U6,CCNA_01537
A0A0H3C6U7,CCNA_00419
A0A0H3C6U8,CCNA_00946
A0A0H3C6U9,CCNA_00424
A0A0H3C6V0,CCNA_01229
A0A0H3C6V2,CCNA_00429
A0A0H3C6V3,CCNA_00434
A0A0H3C6V4,CCNA_01235
A0A0H3C6V5,CCNA_00957
A0A0H3C6V6,CCNA_00439
A0A0H3C6V7,CCNA_00979
A0A0H3C6V8,CCNA_01240
A0A0H3C6V9,CCNA_00963
A0A0H3C6W1,CCNA_00984
A0A0H3C6W2,CCNA_01245
A0A0H3C6W3,CCNA_00989
A0A0H3C6W4,CCNA_00450
A0A0H3C6W6,CCNA_01250
A0A0H3C6W7,CCNA_00994
A0A0H3C6W8,CCNA_00455
A0A0H3C6W9,CCNA_01256
A0A0H3C6X0,CCNA_00974
A0A0H3C6X1,CCNA_00460
A0A0H3C6X2,CCNA_00999
A0A0H3C6X3,CCNA_01261
A0A0H3C6X4,CCNA_01543
A0A0H3C6X5,CCNA_00468
A0A0H3C6X8,CCNA_01266
A0A0H3C6X9,CCNA_00473
A0A0H3C6Y0,CCNA_01555
A0A0H3C6Y1,CCNA_01012
A0A0H3C6Y2,CCNA_01271
A0A0H3C6Y3,CCNA_00478
A0A0H3C6Y4,CCNA_01278
A0A0H3C6Y5,CCNA_01562
A0A0H3C6Y6,CCNA_01017
A0A0H3C6Y7,CCNA_00483
A0A0H3C6Y8,CCNA_01283
A0A0H3C6Y9,CCNA_01022
A0A0H3C6Z0,CCNA_01569
A0A0H3C6Z1,CCNA_00488
A0A0H3C6Z3,CCNA_01027
A0A0H3C6Z4,CCNA_01574
A0A0H3C6Z5,CCNA_00497
A0A0H3C6Z7,CCNA_01293
A0A0H3C6Z8,CCNA_01032
A0A0H3C6Z9,CCNA_00980
A0A0H3C700,CCNA_00502
A0A0H3C702,CCNA_01037
A0A0H3C705,CCNA_01042
A0A0H3C706,CCNA_01589
A0A0H3C707,CCNA_01303
A0A0H3C708,CCNA_01595
A0A0H3C711,CCNA_01600
A0A0H3C712,CCNA_00521
A0A0H3C713,CCNA_01337
A0A0H3C714,CCNA_01605
A0A0H3C715,CCNA_01047
A0A0H3C716,CCNA_00527
A0A0H3C717,CCNA_01611
A0A0H3C718,CCNA_01052
A0A0H3C720,CCNA_00534
A0A0H3C721,CCNA_01617
A0A0H3C722,CCNA_01057
A0A0H3C723,CCNA_01347
A0A0H3C724,CCNA_00985
A0A0H3C725,CCNA_00541
A0A0H3C727,CCNA_01623
A0A0H3C729,CCNA_00990
A0A0H3C730,CCNA_00546
A0A0H3C732,CCNA_01634
A0A0H3C733,CCNA_00995
A0A0H3C734,CCNA_00551
A0A0H3C736,CCNA_01072
A0A0H3C737,CCNA_01640
A0A0H3C738,CCNA_01000
A0A0H3C740,CCNA_01362
A0A0H3C743,CCNA_01005
A0A0H3C745,CCNA_01367
A0A0H3C746,CCNA_01082
A0A0H3C747,CCNA_01654
A0A0H3C748,CCNA_01013
A0A0H3C749,CCNA_00567
A0A0H3C750,CCNA_01373
A0A0H3C751,CCNA_01088
A0A0H3C752,CCNA_01660
A0A0H3C753,CCNA_01018
A0A0H3C754,CCNA_01093
A0A0H3C756,CCNA_01023
A0A0H3C757,CCNA_01102
A0A0H3C758,CCNA_01674
A0A0H3C760,CCNA_01107
A0A0H3C762,CCNA_01033
A0A0H3C763,CCNA_01112
A0A0H3C765,CCNA_01038
A0A0H3C766,CCNA_01118
A0A0H3C767,CCNA_01043
A0A0H3C770,CCNA_01048
A0A0H3C771,CCNA_01695
A0A0H3C773,CCNA_01053
A0A0H3C774,CCNA_01378
A0A0H3C775,CCNA_01700
A0A0H3C776,CCNA_01135
A0A0H3C777,CCNA_01058
A0A0H3C779,CCNA_01705
A0A0H3C780,CCNA_01383
A0A0H3C781,CCNA_01063
A0A0H3C782,CCNA_01140
A0A0H3C783,CCNA_00578
A0A0H3C784,CCNA_01710
A0A0H3C785,CCNA_01147
A0A0H3C786,CCNA_01388
A0A0H3C787,CCNA_01068
A0A0H3C788,CCNA_00585
A0A0H3C789,CCNA_01715
A0A0H3C790,CCNA_01153
A0A0H3C792,CCNA_01073
A0A0H3C793,CCNA_00590
A0A0H3C794,CCNA_01721
A0A0H3C795,CCNA_01158
A0A0H3C796,CCNA_01078
A0A0H3C798,CCNA_00595
A0A0H3C799,CCNA_01164
A0A0H3C7A0,CCNA_01727
A0A0H3C7A1,CCNA_01083
A0A0H3C7A2,CCNA_01407
A0A0H3C7A3,CCNA_01169
A0A0H3C7A5,CCNA_01089
A0A0H3C7A6,CCNA_01413
A0A0H3C7A7,CCNA_01174
A0A0H3C7A9,CCNA_01094
A0A0H3C7B0,CCNA_01418
A0A0H3C7B3,CCNA_01103
A0A0H3C7B5,CCNA_01184
A0A0H3C7B7,CCNA_01108
A0A0H3C7B9,CCNA_01189
A0A0H3C7C0,CCNA_01756
A0A0H3C7C1,CCNA_01114
A0A0H3C7C2,CCNA_01439
A0A0H3C7C3,CCNA_01194
A0A0H3C7C4,CCNA_01761
A0A0H3C7C5,CCNA_00601
A0A0H3C7C6,CCNA_01119
A0A0H3C7C8,CCNA_01446
A0A0H3C7C9,CCNA_01766
A0A0H3C7D0,CCNA_00607
A0A0H3C7D1,CCNA_01124
A0A0H3C7D2,CCNA_01772
A0A0H3C7D3,CCNA_01204
A0A0H3C7D5,CCNA_01451
A0A0H3C7D8,CCNA_01459
A0A0H3C7D9,CCNA_01210
A0A0H3C7E0,CCNA_00617
A0A0H3C7E1,CCNA_01136
A0A0H3C7E2,CCNA_01464
A0A0H3C7E4,CCNA_00622
A0A0H3C7E5,CCNA_01215
A0A0H3C7E6,CCNA_01142
A0A0H3C7E7,CCNA_01469
A0A0H3C7E8,CCNA_00627
A0A0H3C7F0,CCNA_01148
A0A0H3C7F2,CCNA_00632
A0A0H3C7F3,CCNA_01474
A0A0H3C7F4,CCNA_01154
A0A0H3C7F5,CCNA_01794
A0A0H3C7F6,CCNA_01225
A0A0H3C7F7,CCNA_00637
A0A0H3C7F8,CCNA_01159
A0A0H3C7F9,CCNA_01479
A0A0H3C7G0,CCNA_01802
A0A0H3C7G1,CCNA_01230
A0A0H3C7G2,CCNA_00642
A0A0H3C7G3,CCNA_01165
A0A0H3C7G4,CCNA_01236
A0A0H3C7G6,CCNA_01807
A0A0H3C7G7,CCNA_00647
A0A0H3C7G8,CCNA_01170
A0A0H3C7G9,CCNA_01241
A0A0H3C7H0,CCNA_01490
A0A0H3C7H2,CCNA_01175
A0A0H3C7H3,CCNA_00652
A0A0H3C7H4,CCNA_01246
A0A0H3C7H7,CCNA_00657
A0A0H3C7H8,CCNA_01251
A0A0H3C7I0,CCNA_01826
A0A0H3C7I1,CCNA_01501
A0A0H3C7I2,CCNA_00662
A0A0H3C7I3,CCNA_01257
A0A0H3C7I4,CCNA_01185
A0A0H3C7I5,CCNA_01831
A0A0H3C7I6,CCNA_01506
A0A0H3C7I7,CCNA_00668
A0A0H3C7I8,CCNA_01262
A0A0H3C7I9,CCNA_01190
A0A0H3C7J0,CCNA_01836
A0A0H3C7J1,CCNA_01511
A0A0H3C7J2,CCNA_00673
A0A0H3C7J3,CCNA_01195
A0A0H3C7J4,CCNA_01267
A0A0H3C7J6,CCNA_01516
A0A0H3C7J8,CCNA_01200
A0A0H3C7J9,CCNA_01272
A0A0H3C7K1,CCNA_01522
A0A0H3C7K2,CCNA_00685
A0A0H3C7K3,CCNA_01205
A0A0H3C7K5,CCNA_01853
A0A0H3C7K7,CCNA_00690
A0A0H3C7K8,CCNA_01211
A0A0H3C7K9,CCNA_01284
A0A0H3C7L0,CCNA_01858
A0A0H3C7L1,CCNA_00695
A0A0H3C7L2,CCNA_01216
A0A0H3C7L3,CCNA_01533
A0A0H3C7L4,CCNA_01289
A0A0H3C7L5,CCNA_01863
A0A0H3C7L6,CCNA_00703
A0A0H3C7M0,CCNA_01869
A0A0H3C7M1,CCNA_00708
A0A0H3C7M2,CCNA_01226
A0A0H3C7M3,CCNA_01299
A0A0H3C7M4,CCNA_01876
A0A0H3C7M5,CCNA_01231
A0A0H3C7M6,CCNA_00716
A0A0H3C7M7,CCNA_01304
A0A0H3C7M8,CCNA_01881
A0A0H3C7M9,CCNA_01237
A0A0H3C7N0,CCNA_00724
A0A0H3C7N1,CCNA_01333
A0A0H3C7N2,CCNA_01886
A0A0H3C7N3,CCNA_01242
A0A0H3C7N4,CCNA_00729
A0A0H3C7N5,CCNA_01338
A0A0H3C7N6,CCNA_01892
A0A0H3C7N7,CCNA_01247
A0A0H3C7N9,CCNA_01897
A0A0H3C7P0,CCNA_01343
A0A0H3C7P2,CCNA_00742
A0A0H3C7P3,CCNA_01348
A0A0H3C7P4,CCNA_01902
A0A0H3C7P5,CCNA_01258
A0A0H3C7P6,CCNA_00747
A0A0H3C7P7,CCNA_01353
A0A0H3C7P8,CCNA_01907
A0A0H3C7P9,CCNA_01545
A0A0H3C7Q2,CCNA_01551
A0A0H3C7Q3,CCNA_01912
A0A0H3C7Q4,CCNA_01268
A0A0H3C7Q5,CCNA_01358
A0A0H3C7Q6,CCNA_00757
A0A0H3C7Q7,CCNA_01556
A0A0H3C7Q8,CCNA_01917
A0A0H3C7R1,CCNA_00763
A0A0H3C7R2,CCNA_01563
A0A0H3C7R3,CCNA_01922
A0A0H3C7R4,CCNA_01280
A0A0H3C7R5,CCNA_01368
A0A0H3C7R6,CCNA_00768
A0A0H3C7R7,CCNA_01570
A0A0H3C7R8,CCNA_01927
A0A0H3C7S0,CCNA_01374
A0A0H3C7S1,CCNA_01575
A0A0H3C7S2,CCNA_00774
A0A0H3C7S3,CCNA_01290
A0A0H3C7S4,CCNA_01932
A0A0H3C7S6,CCNA_01580
A0A0H3C7S7,CCNA_00779
A0A0H3C7S8,CCNA_01295
A0A0H3C7S9,CCNA_01937
A0A0H3C7T0,CCNA_01585
A0A0H3C7T1,CCNA_01384
A0A0H3C7T4,CCNA_01942
A0A0H3C7T5,CCNA_01591
A0A0H3C7T6,CCNA_01389
A0A0H3C7T7,CCNA_00790
A0A0H3C7T9,CCNA_01948
A0A0H3C7U3,CCNA_01334
A0A0H3C7U4,CCNA_01955
A0A0H3C7U5,CCNA_00802
A0A0H3C7U6,CCNA_01601
A0A0H3C7U7,CCNA_01339
A0A0H3C7U9,CCNA_01606
A0A0H3C7V0,CCNA_01344
A0A0H3C7V1,CCNA_00811
A0A0H3C7V2,CCNA_01408
A0A0H3C7V3,CCNA_01963
A0A0H3C7V5,CCNA_00977 CCNA_01349 CCNA_03442 CCNA_03709
A0A0H3C7V6,CCNA_00816
A0A0H3C7V9,CCNA_01354
A0A0H3C7W0,CCNA_01618
A0A0H3C7W1,CCNA_00822
A0A0H3C7W4,CCNA_01359
A0A0H3C7W5,CCNA_01625
A0A0H3C7W6,CCNA_00827
A0A0H3C7W7,CCNA_01426
A0A0H3C7W8,CCNA_01636
A0A0H3C7W9,CCNA_01981
A0A0H3C7X3,CCNA_01641
A0A0H3C7X5,CCNA_01369
A0A0H3C7X6,CCNA_01649
A0A0H3C7Y0,CCNA_01375
A0A0H3C7Y2,CCNA_00844
A0A0H3C7Y4,CCNA_01380
A0A0H3C7Y5,CCNA_02005
A0A0H3C7Y7,CCNA_00849
A0A0H3C7Y8,CCNA_01385
A0A0H3C7Y9,CCNA_01670
A0A0H3C7Z0,CCNA_01452
A0A0H3C7Z1,CCNA_02011
A0A0H3C7Z2,CCNA_00854
A0A0H3C7Z4,CCNA_01390
A0A0H3C7Z5,CCNA_01460
A0A0H3C7Z7,CCNA_00859
A0A0H3C800,CCNA_01465
A0A0H3C801,CCNA_00865
A0A0H3C803,CCNA_01685
A0A0H3C805,CCNA_00871
A0A0H3C807,CCNA_01690
A0A0H3C811,CCNA_01475
A0A0H3C812,CCNA_01696
A0A0H3C813,CCNA_01415
A0A0H3C815,CCNA_01480
A0A0H3C816,CCNA_00881
A0A0H3C817,CCNA_01701
A0A0H3C818,CCNA_00887
A0A0H3C820,CCNA_02045
A0A0H3C821,CCNA_01486
A0A0H3C822,CCNA_01706
A0A0H3C824,CCNA_02050
A0A0H3C826,CCNA_01427
A0A0H3C827,CCNA_01711
A0A0H3C828,CCNA_01716
A0A0H3C829,CCNA_02056
A0A0H3C830,CCNA_00897
A0A0H3C832,CCNA_01434
A0A0H3C833,CCNA_01722
A0A0H3C834,CCNA_00902
A0A0H3C836,CCNA_01728
A0A0H3C837,CCNA_01443
A0A0H3C838,CCNA_01503
A0A0H3C839,CCNA_00907
A0A0H3C841,CCNA_02067
A0A0H3C842,CCNA_01507
A0A0H3C844,CCNA_00912
A0A0H3C845,CCNA_01512
A0A0H3C846,CCNA_02072
A0A0H3C847,CCNA_01453
A0A0H3C848,CCNA_01738
A0A0H3C849,CCNA_00917
A0A0H3C850,CCNA_02083
A0A0H3C851,CCNA_01517
A0A0H3C852,CCNA_01461
A0A0H3C854,CCNA_01523
A0A0H3C857,CCNA_01466
A0A0H3C858,CCNA_01752
A0A0H3C859,CCNA_00927
A0A0H3C860,CCNA_01529
A0A0H3C861,CCNA_01471
A0A0H3C864,CCNA_02095
A0A0H3C865,CCNA_01534
A0A0H3C866,CCNA_01476
A0A0H3C867,CCNA_01762
A0A0H3C868,CCNA_02101
A0A0H3C869,CCNA_00937
A0A0H3C870,CCNA_01481
A0A0H3C871,CCNA_01539
A0A0H3C872,CCNA_01767
A0A0H3C873,CCNA_00942
A0A0H3C874,CCNA_02106
A0A0H3C875,CCNA_01487
A0A0H3C876,CCNA_01773
A0A0H3C877,CCNA_02113
A0A0H3C879,CCNA_01492
A0A0H3C880,CCNA_01778
A0A0H3C881,CCNA_02118
A0A0H3C882,CCNA_01498
A0A0H3C883,CCNA_00952
A0A0H3C884,CCNA_01783
A0A0H3C885,CCNA_01502
A0A0H3C886,CCNA_01264 CCNA_01294 CCNA_02123 CCNA_02675 CCNA_02991
A0A0H3C887,CCNA_00958
A0A0H3C888,CCNA_01788
A0A0H3C889,CCNA_02129
A0A0H3C890,CCNA_01508
A0A0H3C891,CCNA_01797
A0A0H3C892,CCNA_00964
A0A0H3C894,CCNA_01513
A0A0H3C895,CCNA_00970
A0A0H3C896,CCNA_01546
A0A0H3C897,CCNA_01808
A0A0H3C898,CCNA_01519
A0A0H3C899,CCNA_01552
A0A0H3C8A0,CCNA_01524
A0A0H3C8A2,CCNA_01559
A0A0H3C8A3,CCNA_01821
A0A0H3C8A5,CCNA_01566
A0A0H3C8A8,CCNA_01571
A0A0H3C8A9,CCNA_01832
A0A0H3C8B0,CCNA_01541
A0A0H3C8B1,CCNA_01837
A0A0H3C8B3,CCNA_01576
A0A0H3C8B4,CCNA_00976
A0A0H3C8B5,CCNA_01844
A0A0H3C8B6,CCNA_02142
A0A0H3C8B7,CCNA_01581
A0A0H3C8B8,CCNA_00981
A0A0H3C8C0,CCNA_01586
A0A0H3C8C1,CCNA_02147
A0A0H3C8C2,CCNA_00986
A0A0H3C8C3,CCNA_01592
A0A0H3C8C4,CCNA_01854
A0A0H3C8C5,CCNA_02154
A0A0H3C8C6,CCNA_01597
A0A0H3C8C7,CCNA_00991
A0A0H3C8C8,CCNA_01859
A0A0H3C8C9,CCNA_02159
A0A0H3C8D0,CCNA_01602
A0A0H3C8D1,CCNA_00996
A0A0H3C8D2,CCNA_01864
A0A0H3C8D3,CCNA_02165
A0A0H3C8D4,CCNA_01548
A0A0H3C8D5,CCNA_01607
A0A0H3C8D7,CCNA_01870
A0A0H3C8D8,CCNA_02171
A0A0H3C8D9,CCNA_01553
A0A0H3C8E0,CCNA_01614
A0A0H3C8E3,CCNA_02176
A0A0H3C8E4,CCNA_01877
A0A0H3C8E5,CCNA_01619
A0A0H3C8E7,CCNA_01014
A0A0H3C8E8,CCNA_01882
A0A0H3C8E9,CCNA_02181
A0A0H3C8F0,CCNA_01628
A0A0H3C8F1,CCNA_01019
A0A0H3C8F2,CCNA_02187
A0A0H3C8F3,CCNA_01572
A0A0H3C8F4,CCNA_01888
A0A0H3C8F6,CCNA_01577
A0A0H3C8F7,CCNA_01893
A0A0H3C8F8,CCNA_02192
A0A0H3C8F9,CCNA_01024
A0A0H3C8G0,CCNA_01642
A0A0H3C8G1,CCNA_01582
A0A0H3C8G2,CCNA_01898
A0A0H3C8G3,CCNA_02197
A0A0H3C8G4,CCNA_01029
A0A0H3C8G6,CCNA_01587
A0A0H3C8G7,CCNA_02202
A0A0H3C8G8,CCNA_01903
A0A0H3C8G9,CCNA_01034
A0A0H3C8H0,CCNA_01593
A0A0H3C8H1,CCNA_01656
A0A0H3C8H3,CCNA_01039
A0A0H3C8H4,CCNA_01908
A0A0H3C8H6,CCNA_01598
A0A0H3C8H7,CCNA_02213
A0A0H3C8H8,CCNA_01044
A0A0H3C8H9,CCNA_01913
A0A0H3C8I1,CCNA_01671
A0A0H3C8I2,CCNA_02218
A0A0H3C8I3,CCNA_01049
A0A0H3C8I4,CCNA_01918
A0A0H3C8I5,CCNA_01608
A0A0H3C8I6,CCNA_01676
A0A0H3C8I7,CCNA_01054
A0A0H3C8I8,CCNA_02223
A0A0H3C8J0,CCNA_01615
A0A0H3C8J1,CCNA_01059
A0A0H3C8J2,CCNA_01681
A0A0H3C8J3,CCNA_02228
A0A0H3C8J6,CCNA_01928
A0A0H3C8J7,CCNA_01686
A0A0H3C8J9,CCNA_01069
A0A0H3C8K0,CCNA_02238
A0A0H3C8K2,CCNA_01933
A0A0H3C8K4,CCNA_01074
A0A0H3C8K6,CCNA_01638
A0A0H3C8K7,CCNA_01938
A0A0H3C8K8,CCNA_01079
A0A0H3C8K9,CCNA_01697
A0A0H3C8L0,CCNA_02248
A0A0H3C8L1,CCNA_01644
A0A0H3C8L2,CCNA_01943
A0A0H3C8L3,CCNA_01084
A0A0H3C8L5,CCNA_01702
A0A0H3C8L6,CCNA_02253
A0A0H3C8L7,CCNA_01949
A0A0H3C8L8,CCNA_01090
A0A0H3C8L9,CCNA_01657
A0A0H3C8M1,CCNA_01707
A0A0H3C8M2,CCNA_01956
A0A0H3C8M3,CCNA_01667
A0A0H3C8M5,CCNA_01712
A0A0H3C8M6,CCNA_02263
A0A0H3C8M7,CCNA_01964
A0A0H3C8M8,CCNA_01672
A0A0H3C8M9,CCNA_02269
A0A0H3C8N0,CCNA_01717
A0A0H3C8N1,CCNA_01104
A0A0H3C8N3,CCNA_01677
A0A0H3C8N4,CCNA_02274
A0A0H3C8N5,CCNA_01724
A0A0H3C8N6,CCNA_01109
A0A0H3C8N8,CCNA_01682
A0A0H3C8N9,CCNA_01977
A0A0H3C8P0,CCNA_01729
A0A0H3C8P2,CCNA_02285
A0A0H3C8P4,CCNA_01734
A0A0H3C8P6,CCNA_01120
A0A0H3C8P7,CCNA_02290
A0A0H3C8P8,CCNA_01742
A0A0H3C8P9,CCNA_01693
A0A0H3C8Q0,CCNA_01125
A0A0H3C8Q1,CCNA_01987
A0A0H3C8Q2,CCNA_02295
A0A0H3C8Q6,CCNA_02300
A0A0H3C8Q8,CCNA_01137
A0A0H3C8Q9,CCNA_02305
A0A0H3C8R0,CCNA_02006
A0A0H3C8R2,CCNA_01143
A0A0H3C8R4,CCNA_01698
A0A0H3C8R5,CCNA_02012
A0A0H3C8R7,CCNA_01149
A0A0H3C8R8,CCNA_02315
A0A0H3C8R9,CCNA_01703
A0A0H3C8S1,CCNA_01155
A0A0H3C8S2,CCNA_01768
A0A0H3C8S3,CCNA_02320
A0A0H3C8S4,CCNA_01708
A0A0H3C8S5,CCNA_01161
A0A0H3C8S8,CCNA_01713
A0A0H3C8S9,CCNA_02327
A0A0H3C8T0,CCNA_01166
A0A0H3C8T1,CCNA_02028
A0A0H3C8T2,CCNA_01718
A0A0H3C8T3,CCNA_01779
A0A0H3C8T4,CCNA_02333
A0A0H3C8T5,CCNA_01171
A0A0H3C8T6,CCNA_01725
A0A0H3C8T7,CCNA_02034
A0A0H3C8T8,CCNA_02338
A0A0H3C8T9,CCNA_01784
A0A0H3C8U1,CCNA_01176
A0A0H3C8U2,CCNA_02343
A0A0H3C8U3,CCNA_01789
A0A0H3C8U5,CCNA_01181
A0A0H3C8U7,CCNA_01735
A0A0H3C8U8,CCNA_02051
A0A0H3C8U9,CCNA_02349
A0A0H3C8V0,CCNA_01186
A0A0H3C8V2,CCNA_02355
A0A0H3C8V3,CCNA_02057
A0A0H3C8V4,CCNA_01191
A0A0H3C8V5,CCNA_01810
A0A0H3C8V6,CCNA_02360
A0A0H3C8V7,CCNA_01196
A0A0H3C8W1,CCNA_01201
A0A0H3C8W2,CCNA_02365
A0A0H3C8W3,CCNA_02068
A0A0H3C8W4,CCNA_01822
A0A0H3C8W5,CCNA_01748
A0A0H3C8W6,CCNA_01206
A0A0H3C8W7,CCNA_01828
A0A0H3C8W8,CCNA_02370
A0A0H3C8W9,CCNA_02073
A0A0H3C8X1,CCNA_01833
A0A0H3C8X2,CCNA_01754
A0A0H3C8X3,CCNA_02375
A0A0H3C8X4,CCNA_01217
A0A0H3C8X5,CCNA_02084
A0A0H3C8X6,CCNA_01840
A0A0H3C8X8,CCNA_02381
A0A0H3C8X9,CCNA_02091
A0A0H3C8Y0,CCNA_01845
A0A0H3C8Y1,CCNA_01227
A0A0H3C8Y2,CCNA_02386
A0A0H3C8Y4,CCNA_01759
A0A0H3C8Y5,CCNA_02096
A0A0H3C8Y6,CCNA_01232
A0A0H3C8Y8,CCNA_02394
A0A0H3C8Y9,CCNA_01238
A0A0H3C8Z0,CCNA_02102
A0A0H3C8Z1,CCNA_01243
A0A0H3C8Z2,CCNA_01860
A0A0H3C8Z3,CCNA_02399
A0A0H3C8Z4,CCNA_01764
A0A0H3C8Z5,CCNA_02108
A0A0H3C8Z6,CCNA_01248
A0A0H3C8Z7,CCNA_01865
A0A0H3C8Z9,CCNA_02404
A0A0H3C900,CCNA_01873
A0A0H3C901,CCNA_02114
A0A0H3C902,CCNA_01259
A0A0H3C904,CCNA_01878
A0A0H3C905,CCNA_02119
A0A0H3C907,CCNA_01883
A0A0H3C908,CCNA_02414
A0A0H3C909,CCNA_02124
A0A0H3C910,CCNA_01269
A0A0H3C911,CCNA_01889
A0A0H3C913,CCNA_01769
A0A0H3C914,CCNA_01276
A0A0H3C916,CCNA_01894
A0A0H3C917,CCNA_01281
A0A0H3C918,CCNA_02424
A0A0H3C920,CCNA_01286
A0A0H3C922,CCNA_01904
A0A0H3C923,CCNA_01291
A0A0H3C925,CCNA_01909
A0A0H3C926,CCNA_02437
A0A0H3C927,CCNA_01296
A0A0H3C928,CCNA_01780
A0A0H3C929,CCNA_01914
A0A0H3C931,CCNA_02442
A0A0H3C932,CCNA_01919
A0A0H3C934,CCNA_02448
A0A0H3C935,CCNA_01924
A0A0H3C936,CCNA_01335
A0A0H3C937,CCNA_02453
A0A0H3C938,CCNA_01929
A0A0H3C939,CCNA_01340
A0A0H3C941,CCNA_01785
A0A0H3C942,CCNA_01934
A0A0H3C943,CCNA_01345
A0A0H3C946,CCNA_02458
A0A0H3C947,CCNA_01939
A0A0H3C948,CCNA_02148
A0A0H3C949,CCNA_00978 CCNA_01350 CCNA_03441 CCNA_03708
A0A0H3C952,CCNA_02155
A0A0H3C953,CCNA_01944
A0A0H3C954,CCNA_01355
A0A0H3C956,CCNA_02469
A0A0H3C957,CCNA_02160
A0A0H3C959,CCNA_01811
A0A0H3C960,CCNA_01360
A0A0H3C961,CCNA_02166
A0A0H3C962,CCNA_02474
A0A0H3C963,CCNA_01817
A0A0H3C964,CCNA_02172
A0A0H3C965,CCNA_01958
A0A0H3C966,CCNA_01365
A0A0H3C968,CCNA_02177
A0A0H3C969,CCNA_01823
A0A0H3C970,CCNA_01966
A0A0H3C971,CCNA_01371
A0A0H3C972,CCNA_02484
A0A0H3C973,CCNA_01829
A0A0H3C976,CCNA_01376
A0A0H3C977,CCNA_01834
A0A0H3C978,CCNA_02188
A0A0H3C979,CCNA_02489
A0A0H3C980,CCNA_01978
A0A0H3C982,CCNA_02193
A0A0H3C984,CCNA_02494
A0A0H3C986,CCNA_02198
A0A0H3C987,CCNA_01386
A0A0H3C989,CCNA_02499
A0A0H3C990,CCNA_02203
A0A0H3C991,CCNA_01391
A0A0H3C993,CCNA_02504
A0A0H3C995,CCNA_02209
A0A0H3C996,CCNA_01396
A0A0H3C998,CCNA_02509
A0A0H3C999,CCNA_01856
A0A0H3C9A0,CCNA_02214
A0A0H3C9A1,CCNA_01405
A0A0H3C9A2,CCNA_02007
A0A0H3C9A3,CCNA_02219
A0A0H3C9A4,CCNA_01861
A0A0H3C9A5,CCNA_02514
A0A0H3C9A6,CCNA_01410
A0A0H3C9A9,CCNA_01866
A0A0H3C9B0,CCNA_02522
A0A0H3C9B1,CCNA_02229
A0A0H3C9B5,CCNA_02529
A0A0H3C9B6,CCNA_02234
A0A0H3C9B7,CCNA_01879
A0A0H3C9C0,CCNA_02239
A0A0H3C9C1,CCNA_02534
A0A0H3C9C2,CCNA_01884
A0A0H3C9C3,CCNA_02244
A0A0H3C9C4,CCNA_01429
A0A0H3C9C7,CCNA_01890
A0A0H3C9C8,CCNA_02249
A0A0H3C9C9,CCNA_01435
A0A0H3C9D1,CCNA_02035
A0A0H3C9D2,CCNA_01895
A0A0H3C9D4,CCNA_01444
A0A0H3C9D8,CCNA_02259
A0A0H3C9E1,CCNA_01905
A0A0H3C9E2,CCNA_02558
A0A0H3C9E3,CCNA_02264
A0A0H3C9E4,CCNA_01457
A0A0H3C9E5,CCNA_01910
A0A0H3C9E6,CCNA_02058
A0A0H3C9E7,CCNA_02270
A0A0H3C9E8,CCNA_02563
A0A0H3C9E9,CCNA_02275
A0A0H3C9F1,CCNA_01462
A0A0H3C9F3,CCNA_02568
A0A0H3C9F8,CCNA_02573
A0A0H3C9F9,CCNA_02286
A0A0H3C9G1,CCNA_02578
A0A0H3C9G2,CCNA_02074
A0A0H3C9G3,CCNA_01472
A0A0H3C9G4,CCNA_02291
A0A0H3C9G5,CCNA_01930
A0A0H3C9H0,CCNA_01935
A0A0H3C9H1,CCNA_02301
A0A0H3C9H2,CCNA_02590
A0A0H3C9H3,CCNA_01940
A0A0H3C9H4,CCNA_01483
A0A0H3C9H5,CCNA_02092
A0A0H3C9H7,CCNA_02597
A0A0H3C9H9,CCNA_02311
A0A0H3C9I0,CCNA_02602
A0A0H3C9I1,CCNA_02098
A0A0H3C9I2,CCNA_01488
A0A0H3C9I4,CCNA_02316
A0A0H3C9I6,CCNA_02103
A0A0H3C9I7,CCNA_01493
A0A0H3C9I8,CCNA_01960
A0A0H3C9J1,CCNA_02110
A0A0H3C9J2,CCNA_01967
A0A0H3C9J3,CCNA_01499
A0A0H3C9J4,CCNA_02328
A0A0H3C9J5,CCNA_02618
A0A0H3C9J7,CCNA_02115
A0A0H3C9J8,CCNA_01504
A0A0H3C9J9,CCNA_02334
A0A0H3C9K2,CCNA_02120
A0A0H3C9K3,CCNA_02339
A0A0H3C9K4,CCNA_02632
A0A0H3C9K5,CCNA_01984
A0A0H3C9K6,CCNA_02126
A0A0H3C9K7,CCNA_01509
A0A0H3C9K9,CCNA_02345
A0A0H3C9L3,CCNA_02350
A0A0H3C9L4,CCNA_02649
A0A0H3C9L5,CCNA_02001
A0A0H3C9L7,CCNA_01520
A0A0H3C9L8,CCNA_02654
A0A0H3C9L9,CCNA_02009
A0A0H3C9M0,CCNA_02014
A0A0H3C9M1,CCNA_02659
A0A0H3C9M2,CCNA_02361
A0A0H3C9M3,CCNA_01526
A0A0H3C9M4,CCNA_02366
A0A0H3C9M7,CCNA_02371
A0A0H3C9M8,CCNA_01531
A0A0H3C9M9,CCNA_02025
A0A0H3C9N0,CCNA_02670
A0A0H3C9N1,CCNA_02376
A0A0H3C9N2,CCNA_02030
A0A0H3C9N4,CCNA_01536
A0A0H3C9N5,CCNA_02382
A0A0H3C9N7,CCNA_02680
A0A0H3C9N9,CCNA_02137
A0A0H3C9P0,CCNA_02048
A0A0H3C9P1,CCNA_02395
A0A0H3C9P2,CCNA_02144
A0A0H3C9P3,CCNA_02053
A0A0H3C9P4,CCNA_02400
A0A0H3C9P5,CCNA_02150
A0A0H3C9P7,CCNA_02405
A0A0H3C9P8,CCNA_02156
A0A0H3C9P9,CCNA_02065
A0A0H3C9Q0,CCNA_02410
A0A0H3C9Q1,CCNA_02161
A0A0H3C9Q2,CCNA_02167
A0A0H3C9Q3,CCNA_01542
A0A0H3C9Q5,CCNA_02415
A0A0H3C9Q6,CCNA_02173
A0A0H3C9Q8,CCNA_02420
A0A0H3C9R0,CCNA_02178
A0A0H3C9R1,CCNA_01554
A0A0H3C9R2,CCNA_02426
A0A0H3C9R3,CCNA_02088
A0A0H3C9R4,CCNA_02184
A0A0H3C9R5,CCNA_02685
A0A0H3C9R6,CCNA_01561
A0A0H3C9R7,CCNA_02432
A0A0H3C9R8,CCNA_02093
A0A0H3C9R9,CCNA_02690
A0A0H3C9S0,CCNA_02189
A0A0H3C9S1,CCNA_01568
A0A0H3C9S2,CCNA_02438
A0A0H3C9S3,CCNA_02695
A0A0H3C9S4,CCNA_02099
A0A0H3C9S5,CCNA_01573
A0A0H3C9S7,CCNA_02700
A0A0H3C9S8,CCNA_02443
A0A0H3C9S9,CCNA_01578
A0A0H3C9T0,CCNA_02104
A0A0H3C9T1,CCNA_02199
A0A0H3C9T2,CCNA_02705
A0A0H3C9T3,CCNA_02449
A0A0H3C9T4,CCNA_01583
A0A0H3C9T5,CCNA_02111
A0A0H3C9T6,CCNA_02205
A0A0H3C9T7,CCNA_02712
A0A0H3C9T8,CCNA_01588
A0A0H3C9T9,CCNA_02454
A0A0H3C9U1,CCNA_02717
A0A0H3C9U2,CCNA_02116
A0A0H3C9U5,CCNA_02215
A0A0H3C9U6,CCNA_02722
A0A0H3C9U7,CCNA_02121
A0A0H3C9U9,CCNA_01599
A0A0H3C9V0,CCNA_02727
A0A0H3C9V2,CCNA_02127
A0A0H3C9V3,CCNA_02470
A0A0H3C9V4,CCNA_01604
A0A0H3C9V5,CCNA_02732
A0A0H3C9V6,CCNA_02225
A0A0H3C9V7,CCNA_02132
A0A0H3C9V9,CCNA_02475
A0A0H3C9W0,CCNA_02738
A0A0H3C9W1,CCNA_02230
A0A0H3C9W2,CCNA_02480
A0A0H3C9W4,CCNA_02743
A0A0H3C9W5,CCNA_02235
A0A0H3C9W7,CCNA_02748
A0A0H3C9W8,CCNA_02485
A0A0H3C9W9,CCNA_02753
A0A0H3C9X0,CCNA_02240
A0A0H3C9X1,CCNA_01632
A0A0H3C9X4,CCNA_01639
A0A0H3C9X5,CCNA_02245
A0A0H3C9X6,CCNA_02495
A0A0H3C9X7,CCNA_01645
A0A0H3C9X8,CCNA_02250
A0A0H3C9X9,CCNA_02764
A0A0H3C9Y0,CCNA_02500
A0A0H3C9Y2,CCNA_02138
A0A0H3C9Y3,CCNA_02769
A0A0H3C9Y5,CCNA_02505
A0A0H3C9Y6,CCNA_02774
A0A0H3C9Y9,CCNA_02260
A0A0H3C9Z0,CCNA_02779
A0A0H3C9Z2,CCNA_02152
A0A0H3C9Z4,CCNA_02266
A0A0H3C9Z5,CCNA_02784
A0A0H3C9Z6,CCNA_02157
A0A0H3C9Z7,CCNA_02515
A0A0H3C9Z8,CCNA_01673
A0A0H3C9Z9,CCNA_02271
A0A0H3CA00,CCNA_02789
A0A0H3CA01,CCNA_02163
A0A0H3CA02,CCNA_02523
A0A0H3CA03,CCNA_01678
A0A0H3CA04,CCNA_02794
A0A0H3CA05,CCNA_02169
A0A0H3CA07,CCNA_02530
A0A0H3CA08,CCNA_02174
A0A0H3CA09,CCNA_02800
A0A0H3CA10,CCNA_01683
A0A0H3CA11,CCNA_02282
A0A0H3CA13,CCNA_02179
A0A0H3CA14,CCNA_02806
A0A0H3CA15,CCNA_01688
A0A0H3CA16,CCNA_02287
A0A0H3CA18,CCNA_02541
A0A0H3CA20,CCNA_02292
A0A0H3CA21,CCNA_01694
A0A0H3CA22,CCNA_02190
A0A0H3CA23,CCNA_02816
A0A0H3CA24,CCNA_02548
A0A0H3CA26,CCNA_01699
A0A0H3CA27,CCNA_02821
A0A0H3CA28,CCNA_02554
A0A0H3CA29,CCNA_02195
A0A0H3CA30,CCNA_02302
A0A0H3CA31,CCNA_01704
A0A0H3CA32,CCNA_02826
A0A0H3CA33,CCNA_02559
A0A0H3CA34,CCNA_02200
A0A0H3CA35,CCNA_02307
A0A0H3CA36,CCNA_01709
A0A0H3CA37,CCNA_02831
A0A0H3CA38,CCNA_02564
A0A0H3CA39,CCNA_02206
A0A0H3CA40,CCNA_01714
A0A0H3CA41,CCNA_02836
A0A0H3CA42,CCNA_02312
A0A0H3CA43,CCNA_02211
A0A0H3CA44,CCNA_02569
A0A0H3CA45,CCNA_02216
A0A0H3CA46,CCNA_02841
A0A0H3CA47,CCNA_02317
A0A0H3CA48,CCNA_02574
A0A0H3CA49,CCNA_01719
A0A0H3CA52,CCNA_02579
A0A0H3CA53,CCNA_02226
A0A0H3CA54,CCNA_02852
A0A0H3CA56,CCNA_02858
A0A0H3CA57,CCNA_02322
A0A0H3CA60,CCNA_02863
A0A0H3CA61,CCNA_02330
A0A0H3CA62,CCNA_01731
A0A0H3CA63,CCNA_02591
A0A0H3CA65,CCNA_02868
A0A0H3CA66,CCNA_02241
A0A0H3CA68,CCNA_01736
A0A0H3CA69,CCNA_02598
A0A0H3CA70,CCNA_02246
A0A0H3CA71,CCNA_02873
A0A0H3CA72,CCNA_02603
A0A0H3CA73,CCNA_01744
A0A0H3CA74,CCNA_02340
A0A0H3CA75,CCNA_02251
A0A0H3CA76,CCNA_02878
A0A0H3CA78,CCNA_02608
A0A0H3CA82,CCNA_02613
A0A0H3CA84,CCNA_02352
A0A0H3CA87,CCNA_02619
A0A0H3CA89,CCNA_02357
A0A0H3CA90,CCNA_02267
A0A0H3CA91,CCNA_02898
A0A0H3CA92,CCNA_01765
A0A0H3CA94,CCNA_02362
A0A0H3CA95,CCNA_02272
A0A0H3CA97,CCNA_01771
A0A0H3CA98,CCNA_02633
A0A0H3CA99,CCNA_02367
A0A0H3CAA0,CCNA_02278
A0A0H3CAA1,CCNA_02908
A0A0H3CAA3,CCNA_02372
A0A0H3CAA5,CCNA_02283
A0A0H3CAA6,CCNA_02914
A0A0H3CAA7,CCNA_01781
A0A0H3CAA8,CCNA_02288
A0A0H3CAB0,CCNA_02377
A0A0H3CAB1,CCNA_02919
A0A0H3CAB2,CCNA_02293
A0A0H3CAB3,CCNA_01786
A0A0H3CAB4,CCNA_02655
A0A0H3CAB5,CCNA_02383
A0A0H3CAB6,CCNA_02924
A0A0H3CAB7,CCNA_02298
A0A0H3CAB8,CCNA_01793
A0A0H3CAB9,CCNA_02660
A0A0H3CAC1,CCNA_02930
A0A0H3CAC2,CCNA_02303
A0A0H3CAC3,CCNA_01801
A0A0H3CAC4,CCNA_02666
A0A0H3CAC5,CCNA_02396
A0A0H3CAC6,CCNA_02936
A0A0H3CAC7,CCNA_02308
A0A0H3CAC8,CCNA_01806
A0A0H3CAC9,CCNA_02671
A0A0H3CAD0,CCNA_02401
A0A0H3CAD1,CCNA_02942
A0A0H3CAD2,CCNA_02313
A0A0H3CAD4,CCNA_02406
A0A0H3CAD5,CCNA_02676
A0A0H3CAD6,CCNA_02948
A0A0H3CAD7,CCNA_02318
A0A0H3CAD8,CCNA_02411
A0A0H3CAD9,CCNA_01818
A0A0H3CAE3,CCNA_02416
A0A0H3CAE4,CCNA_01824
A0A0H3CAE5,CCNA_02331
A0A0H3CAE6,CCNA_02959
A0A0H3CAE7,CCNA_01830
A0A0H3CAE8,CCNA_02336
A0A0H3CAE9,CCNA_02421
A0A0H3CAF1,CCNA_02341
A0A0H3CAF2,CCNA_01835
A0A0H3CAF4,CCNA_02970
A0A0H3CAF5,CCNA_02347
A0A0H3CAF7,CCNA_02433
A0A0H3CAF8,CCNA_01842
A0A0H3CAF9,CCNA_02353
A0A0H3CAG1,CCNA_02439
A0A0H3CAG2,CCNA_01847
A0A0H3CAG3,CCNA_02358
A0A0H3CAG4,CCNA_02985
A0A0H3CAG5,CCNA_01852
A0A0H3CAG7,CCNA_02363
A0A0H3CAG9,CCNA_02686
A0A0H3CAH0,CCNA_01857
A0A0H3CAH2,CCNA_02450
A0A0H3CAH3,CCNA_02996
A0A0H3CAH4,CCNA_02691
A0A0H3CAH5,CCNA_01862
A0A0H3CAH9,CCNA_02696
A0A0H3CAI0,CCNA_01868
A0A0H3CAI1,CCNA_02378
A0A0H3CAI2,CCNA_02460
A0A0H3CAI3,CCNA_03008
A0A0H3CAI4,CCNA_02701
A0A0H3CAI5,CCNA_01875
A0A0H3CAI9,CCNA_02708
A0A0H3CAJ0,CCNA_01880
A0A0H3CAJ1,CCNA_02391
A0A0H3CAJ3,CCNA_02713
A0A0H3CAJ4,CCNA_01885
A0A0H3CAJ5,CCNA_02718
A0A0H3CAJ6,CCNA_03023
A0A0H3CAJ7,CCNA_02397
A0A0H3CAJ8,CCNA_02723
A0A0H3CAJ9,CCNA_02402
A0A0H3CAK1,CCNA_01891
A0A0H3CAK2,CCNA_02728
A0A0H3CAK3,CCNA_02407
A0A0H3CAK4,CCNA_01896
A0A0H3CAK5,CCNA_03033
A0A0H3CAK6,CCNA_02471
A0A0H3CAK7,CCNA_02733
A0A0H3CAK8,CCNA_02412
A0A0H3CAK9,CCNA_03038
A0A0H3CAL1,CCNA_02476
A0A0H3CAL3,CCNA_02417
A0A0H3CAL4,CCNA_03043
A0A0H3CAL5,CCNA_02744
A0A0H3CAL6,CCNA_01906
A0A0H3CAL7,CCNA_02422
A0A0H3CAL8,CCNA_02481
A0A0H3CAL9,CCNA_03048
A0A0H3CAM0,CCNA_02749
A0A0H3CAM2,CCNA_01911
A0A0H3CAM3,CCNA_02486
A0A0H3CAM4,CCNA_03053
A0A0H3CAM5,CCNA_02754
A0A0H3CAM6,CCNA_02434
A0A0H3CAM7,CCNA_01916
A0A0H3CAM8,CCNA_02491
A0A0H3CAM9,CCNA_03058
A0A0H3CAN0,CCNA_02760
A0A0H3CAN1,CCNA_02440
A0A0H3CAN2,CCNA_03063
A0A0H3CAN3,CCNA_01921
A0A0H3CAN4,CCNA_02496
A0A0H3CAN5,CCNA_02765
A0A0H3CAN6,CCNA_02446
A0A0H3CAN7,CCNA_03068
A0A0H3CAN9,CCNA_02770
A0A0H3CAP0,CCNA_02501
A0A0H3CAP1,CCNA_02451
A0A0H3CAP2,CCNA_03073
A0A0H3CAP3,CCNA_02775
A0A0H3CAP4,CCNA_02506
A0A0H3CAP5,CCNA_01931
A0A0H3CAP6,CCNA_02456
A0A0H3CAP7,CCNA_03078
A0A0H3CAP8,CCNA_02780
A0A0H3CAP9,CCNA_02511
A0A0H3CAQ1,CCNA_02461
A0A0H3CAQ2,CCNA_02785
A0A0H3CAQ4,CCNA_02516
A0A0H3CAQ5,CCNA_02790
A0A0H3CAQ7,CCNA_02467
A0A0H3CAQ9,CCNA_02795
A0A0H3CAR0,CCNA_02472
A0A0H3CAR3,CCNA_02801
A0A0H3CAR4,CCNA_03094
A0A0H3CAR5,CCNA_02477
A0A0H3CAR7,CCNA_02531
A0A0H3CAR8,CCNA_02807
A0A0H3CAR9,CCNA_03099
A0A0H3CAS0,CCNA_02812
A0A0H3CAS1,CCNA_02482
A0A0H3CAS4,CCNA_03106
A0A0H3CAS5,CCNA_02817
A0A0H3CAS6,CCNA_02487
A0A0H3CAS7,CCNA_02542
A0A0H3CAS8,CCNA_01968
A0A0H3CAS9,CCNA_03113
A0A0H3CAT0,CCNA_02822
A0A0H3CAT1,CCNA_02492
A0A0H3CAT2,CCNA_02549
A0A0H3CAT3,CCNA_01973
A0A0H3CAT4,CCNA_03118
A0A0H3CAT5,CCNA_00548 CCNA_02374 CCNA_02771 CCNA_02827
A0A0H3CAT6,CCNA_02497
A0A0H3CAT7,CCNA_02555
A0A0H3CAT8,CCNA_02832
A0A0H3CAT9,CCNA_03123
A0A0H3CAU0,CCNA_01980
A0A0H3CAU1,CCNA_02502
A0A0H3CAU2,CCNA_03128
A0A0H3CAU3,CCNA_02837
A0A0H3CAU4,CCNA_02560
A0A0H3CAU5,CCNA_01985
A0A0H3CAU6,CCNA_02507
A0A0H3CAU8,CCNA_03134
A0A0H3CAU9,CCNA_02565
A0A0H3CAV0,CCNA_02512
A0A0H3CAV1,CCNA_01993
A0A0H3CAV4,CCNA_02570
A0A0H3CAV5,CCNA_02853
A0A0H3CAV6,CCNA_02517
A0A0H3CAV7,CCNA_02002
A0A0H3CAV8,CCNA_03148
A0A0H3CAV9,CCNA_02526
A0A0H3CAW0,CCNA_02575
A0A0H3CAW1,CCNA_02859
A0A0H3CAW2,CCNA_03153
A0A0H3CAW3,CCNA_02010
A0A0H3CAW4,CCNA_02864
A0A0H3CAW5,CCNA_02532
A0A0H3CAW9,CCNA_02869
A0A0H3CAX0,CCNA_02538
A0A0H3CAX3,CCNA_02874
A0A0H3CAX4,CCNA_02021
A0A0H3CAX5,CCNA_02544
A0A0H3CAX6,CCNA_03169
A0A0H3CAX7,CCNA_02592
A0A0H3CAX8,CCNA_02879
A0A0H3CAX9,CCNA_02026
A0A0H3CAY1,CCNA_03174
A0A0H3CAY2,CCNA_02884
A0A0H3CAY4,CCNA_02556
A0A0H3CAY6,CCNA_02599
A0A0H3CAY7,CCNA_03179
A0A0H3CAY8,CCNA_02561
A0A0H3CAY9,CCNA_02899
A0A0H3CAZ0,CCNA_03184
A0A0H3CAZ1,CCNA_02044
A0A0H3CAZ2,CCNA_02604
A0A0H3CAZ4,CCNA_02904
A0A0H3CAZ5,CCNA_03189
A0A0H3CAZ6,CCNA_02049
A0A0H3CAZ7,CCNA_02609
A0A0H3CAZ8,CCNA_02571
A0A0H3CAZ9,CCNA_02909
A0A0H3CB00,CCNA_02915
A0A0H3CB01,CCNA_03194
A0A0H3CB02,CCNA_02054
A0A0H3CB03,CCNA_02614
A0A0H3CB05,CCNA_02920
A0A0H3CB07,CCNA_02061
A0A0H3CB08,CCNA_02620
A0A0H3CB09,CCNA_02581
A0A0H3CB12,CCNA_02066
A0A0H3CB14,CCNA_02588
A0A0H3CB15,CCNA_02931
A0A0H3CB16,CCNA_02937
A0A0H3CB19,CCNA_02636
A0A0H3CB20,CCNA_02593
A0A0H3CB21,CCNA_02944
A0A0H3CB22,CCNA_03216
A0A0H3CB25,CCNA_02644
A0A0H3CB26,CCNA_02949
A0A0H3CB27,CCNA_02605
A0A0H3CB28,CCNA_02089
A0A0H3CB29,CCNA_02651
A0A0H3CB30,CCNA_02954
A0A0H3CB31,CCNA_02610
A0A0H3CB32,CCNA_02094
A0A0H3CB33,CCNA_02616
A0A0H3CB34,CCNA_02960
A0A0H3CB35,CCNA_02656
A0A0H3CB36,CCNA_02100
A0A0H3CB37,CCNA_02965
A0A0H3CB38,CCNA_02621
A0A0H3CB39,CCNA_02661
A0A0H3CB40,CCNA_02971
A0A0H3CB41,CCNA_02630
A0A0H3CB42,CCNA_02105
A0A0H3CB43,CCNA_02667
A0A0H3CB44,CCNA_02976
A0A0H3CB45,CCNA_02637
A0A0H3CB46,CCNA_02981
A0A0H3CB47,CCNA_02112
A0A0H3CB48,CCNA_02672
A0A0H3CB49,CCNA_02647
A0A0H3CB50,CCNA_03222
A0A0H3CB51,CCNA_02986
A0A0H3CB52,CCNA_02677
A0A0H3CB53,CCNA_02652
A0A0H3CB54,CCNA_03227
A0A0H3CB55,CCNA_02117
A0A0H3CB56,CCNA_02992
A0A0H3CB57,CCNA_03232
A0A0H3CB58,CCNA_02657
A0A0H3CB59,CCNA_02682
A0A0H3CB60,CCNA_02997
A0A0H3CB61,CCNA_02122
A0A0H3CB62,CCNA_03238
A0A0H3CB63,CCNA_02662
A0A0H3CB65,CCNA_03243
A0A0H3CB66,CCNA_02128
A0A0H3CB67,CCNA_02668
A0A0H3CB68,CCNA_03248
A0A0H3CB70,CCNA_03254
A0A0H3CB71,CCNA_03014
A0A0H3CB74,CCNA_03019
A0A0H3CB75,CCNA_02678
A0A0H3CB76,CCNA_03267
A0A0H3CB78,CCNA_02683
A0A0H3CB79,CCNA_03272
A0A0H3CB80,CCNA_03029
A0A0H3CB81,CCNA_03278
A0A0H3CB82,CCNA_03283
A0A0H3CB83,CCNA_03034
A0A0H3CB85,CCNA_03289
A0A0H3CB87,CCNA_03039
A0A0H3CB88,CCNA_02692
A0A0H3CB89,CCNA_03294
A0A0H3CB90,CCNA_02139
A0A0H3CB91,CCNA_03044
A0A0H3CB92,CCNA_02697
A0A0H3CB93,CCNA_03299
A0A0H3CB94,CCNA_02146
A0A0H3CB95,CCNA_02702
A0A0H3CB96,CCNA_03049
A0A0H3CB97,CCNA_03307
A0A0H3CB98,CCNA_02153
A0A0H3CBA0,CCNA_02709
A0A0H3CBA1,CCNA_03055
A0A0H3CBA2,CCNA_03312
A0A0H3CBA3,CCNA_02158
A0A0H3CBA4,CCNA_02693
A0A0H3CBA6,CCNA_03059
A0A0H3CBA7,CCNA_03320
A0A0H3CBA8,CCNA_02698
A0A0H3CBA9,CCNA_02719
A0A0H3CBB0,CCNA_03064
A0A0H3CBB1,CCNA_03325
A0A0H3CBB2,CCNA_02724
A0A0H3CBB4,CCNA_03330
A0A0H3CBB5,CCNA_03069
A0A0H3CBB6,CCNA_02729
A0A0H3CBB7,CCNA_02710
A0A0H3CBC0,CCNA_03074
A0A0H3CBC4,CCNA_03341
A0A0H3CBC5,CCNA_03079
A0A0H3CBC6,CCNA_02720
A0A0H3CBC7,CCNA_02745
A0A0H3CBC8,CCNA_03348
A0A0H3CBC9,CCNA_02170
A0A0H3CBD0,CCNA_02725
A0A0H3CBD1,CCNA_03084
A0A0H3CBD2,CCNA_02750
A0A0H3CBD4,CCNA_02175
A0A0H3CBD5,CCNA_02730
A0A0H3CBD6,CCNA_03089
A0A0H3CBD7,CCNA_02755
A0A0H3CBD9,CCNA_02735
A0A0H3CBE1,CCNA_03095
A0A0H3CBE2,CCNA_02761
A0A0H3CBE3,CCNA_03365
A0A0H3CBE4,CCNA_02741
A0A0H3CBE6,CCNA_03100
A0A0H3CBE7,CCNA_02766
A0A0H3CBE8,CCNA_02746
A0A0H3CBE9,CCNA_03370
A0A0H3CBF0,CCNA_02191
A0A0H3CBF3,CCNA_02751
A0A0H3CBF4,CCNA_02196
A0A0H3CBF5,CCNA_03375
A0A0H3CBF7,CCNA_03114
A0A0H3CBF8,CCNA_02201
A0A0H3CBF9,CCNA_02756
A0A0H3CBG0,CCNA_03380
A0A0H3CBG1,CCNA_02781
A0A0H3CBG2,CCNA_03119
A0A0H3CBG3,CCNA_02207
A0A0H3CBG4,CCNA_02762
A0A0H3CBG5,CCNA_03387
A0A0H3CBG6,CCNA_02786
A0A0H3CBG7,CCNA_02212
A0A0H3CBG9,CCNA_02767
A0A0H3CBH1,CCNA_02791
A0A0H3CBH3,CCNA_02217
A0A0H3CBH4,CCNA_02796
A0A0H3CBH5,CCNA_03397
A0A0H3CBH6,CCNA_03129
A0A0H3CBH7,CCNA_02777
A0A0H3CBH8,CCNA_02802
A0A0H3CBI0,CCNA_03402
A0A0H3CBI2,CCNA_02808
A0A0H3CBI3,CCNA_02782
A0A0H3CBI4,CCNA_03407
A0A0H3CBI5,CCNA_02227
A0A0H3CBI6,CCNA_03143
A0A0H3CBI7,CCNA_02787
A0A0H3CBJ0,CCNA_02232
A0A0H3CBJ1,CCNA_02792
A0A0H3CBJ2,CCNA_02818
A0A0H3CBJ3,CCNA_03418
A0A0H3CBJ5,CCNA_02237
A0A0H3CBJ6,CCNA_02823
A0A0H3CBJ7,CCNA_02797
A0A0H3CBJ8,CCNA_03423
A0A0H3CBK0,CCNA_02804
A0A0H3CBK2,CCNA_02242
A0A0H3CBK3,CCNA_03431
A0A0H3CBK5,CCNA_02809
A0A0H3CBK9,CCNA_02838
A0A0H3CBL1,CCNA_02252
A0A0H3CBL2,CCNA_03165
A0A0H3CBL4,CCNA_02819
A0A0H3CBL5,CCNA_02843
A0A0H3CBL6,CCNA_03170
A0A0H3CBL7,CCNA_02257
A0A0H3CBL8,CCNA_03446
A0A0H3CBL9,CCNA_02824
A0A0H3CBM1,CCNA_02262
A0A0H3CBM2,CCNA_03175
A0A0H3CBM3,CCNA_02829
A0A0H3CBM4,CCNA_03451
A0A0H3CBM5,CCNA_02854
A0A0H3CBM6,CCNA_02268
A0A0H3CBM8,CCNA_03456
A0A0H3CBM9,CCNA_03180
A0A0H3CBN0,CCNA_02860
A0A0H3CBN2,CCNA_02865
A0A0H3CBN3,CCNA_02273
A0A0H3CBN4,CCNA_03461
A0A0H3CBN5,CCNA_03185
A0A0H3CBN6,CCNA_02870
A0A0H3CBN7,CCNA_02844
A0A0H3CBN8,CCNA_03468
A0A0H3CBN9,CCNA_02279
A0A0H3CBP0,CCNA_03190
A0A0H3CBP1,CCNA_02875
A0A0H3CBP2,CCNA_02850
A0A0H3CBP3,CCNA_03477
A0A0H3CBP5,CCNA_03196
A0A0H3CBP6,CCNA_02880
A0A0H3CBP7,CCNA_02855
A0A0H3CBP8,CCNA_03482
A0A0H3CBP9,CCNA_02289
A0A0H3CBQ1,CCNA_03202
A0A0H3CBQ2,CCNA_02861
A0A0H3CBQ3,CCNA_03487
A0A0H3CBQ5,CCNA_02866
A0A0H3CBQ6,CCNA_03207
A0A0H3CBQ7,CCNA_02895
A0A0H3CBQ8,CCNA_03492
A0A0H3CBR0,CCNA_02871
A0A0H3CBR2,CCNA_03212
A0A0H3CBR3,CCNA_03498
A0A0H3CBR4,CCNA_02877
A0A0H3CBR5,CCNA_02304
A0A0H3CBR6,CCNA_03217
A0A0H3CBR7,CCNA_02905
A0A0H3CBR8,CCNA_03503
A0A0H3CBR9,CCNA_02309
A0A0H3CBS0,CCNA_02881
A0A0H3CBS1,CCNA_02910
A0A0H3CBS2,CCNA_03509
A0A0H3CBS3,CCNA_02314
A0A0H3CBS4,CCNA_02916
A0A0H3CBS5,CCNA_02891
A0A0H3CBS7,CCNA_02319
A0A0H3CBS8,CCNA_02921
A0A0H3CBS9,CCNA_02896
A0A0H3CBT0,CCNA_03519
A0A0H3CBT2,CCNA_02926
A0A0H3CBT3,CCNA_02901
A0A0H3CBT4,CCNA_03524
A0A0H3CBT5,CCNA_02332
A0A0H3CBT6,CCNA_02933
A0A0H3CBT7,CCNA_02906
A0A0H3CBT9,CCNA_02912
A0A0H3CBU0,CCNA_02337
A0A0H3CBU1,CCNA_02938
A0A0H3CBU2,CCNA_03223
A0A0H3CBU4,CCNA_02917
A0A0H3CBU5,CCNA_02342
A0A0H3CBU6,CCNA_02945
A0A0H3CBU7,CCNA_03228
A0A0H3CBU8,CCNA_03539
A0A0H3CBU9,CCNA_02922
A0A0H3CBV0,CCNA_02348
A0A0H3CBV1,CCNA_03233
A0A0H3CBV2,CCNA_02950
A0A0H3CBV4,CCNA_02927
A0A0H3CBV7,CCNA_02955
A0A0H3CBV8,CCNA_03549
A0A0H3CBV9,CCNA_02934
A0A0H3CBW0,CCNA_03244
A0A0H3CBW1,CCNA_02359
A0A0H3CBW2,CCNA_02961
A0A0H3CBW3,CCNA_02939
A0A0H3CBW4,CCNA_03249
A0A0H3CBW5,CCNA_03557
A0A0H3CBW7,CCNA_02966
A0A0H3CBW8,CCNA_02946
A0A0H3CBW9,CCNA_02369
A0A0H3CBX0,CCNA_03565
A0A0H3CBX1,CCNA_03255
A0A0H3CBX2,CCNA_02972
A0A0H3CBX5,CCNA_02951
A0A0H3CBX6,CCNA_03571
A0A0H3CBX7,CCNA_03268
A0A0H3CBX8,CCNA_02379
A0A0H3CBX9,CCNA_02977
A0A0H3CBY0,CCNA_02956
A0A0H3CBY1,CCNA_03576
A0A0H3CBY2,CCNA_03274
A0A0H3CBY4,CCNA_02982
A0A0H3CBY5,CCNA_03279
A0A0H3CBY6,CCNA_02962
A0A0H3CBY7,CCNA_03581
A0A0H3CBY8,CCNA_02987
A0A0H3CBY9,CCNA_02392
A0A0H3CBZ0,CCNA_03285
A0A0H3CBZ1,CCNA_03586
A0A0H3CBZ3,CCNA_02993
A0A0H3CBZ4,CCNA_03290
A0A0H3CBZ5,CCNA_02398
A0A0H3CBZ6,CCNA_03591
A0A0H3CBZ7,CCNA_02973
A0A0H3CBZ9,CCNA_02999
A0A0H3CC00,CCNA_03596
A0A0H3CC01,CCNA_02403
A0A0H3CC02,CCNA_03300
A0A0H3CC04,CCNA_03004
A0A0H3CC05,CCNA_03601
A0A0H3CC06,CCNA_02408
A0A0H3CC07,CCNA_03308
A0A0H3CC08,CCNA_03010
A0A0H3CC09,CCNA_02983
A0A0H3CC11,CCNA_03313
A0A0H3CC12,CCNA_02413
A0A0H3CC13,CCNA_03015
A0A0H3CC14,CCNA_03321
A0A0H3CC15,CCNA_03613
A0A0H3CC16,CCNA_02988
A0A0H3CC17,CCNA_03020
A0A0H3CC18,CCNA_02418
A0A0H3CC20,CCNA_03618
A0A0H3CC21,CCNA_03025
A0A0H3CC23,CCNA_02423
A0A0H3CC25,CCNA_03623
A0A0H3CC26,CCNA_03030
A0A0H3CC27,CCNA_02429
A0A0H3CC31,CCNA_03035
A0A0H3CC32,CCNA_03342
A0A0H3CC33,CCNA_03005
A0A0H3CC34,CCNA_02436
A0A0H3CC35,CCNA_03634
A0A0H3CC36,CCNA_03040
A0A0H3CC37,CCNA_03349
A0A0H3CC39,CCNA_02441
A0A0H3CC41,CCNA_03045
A0A0H3CC42,CCNA_03355
A0A0H3CC43,CCNA_02447
A0A0H3CC44,CCNA_03016
A0A0H3CC45,CCNA_03646
A0A0H3CC46,CCNA_03050
A0A0H3CC48,CCNA_03651
A0A0H3CC49,CCNA_03021
A0A0H3CC50,CCNA_02452
A0A0H3CC51,CCNA_03366
A0A0H3CC52,CCNA_03054
A0A0H3CC55,CCNA_02457
A0A0H3CC56,CCNA_03026
A0A0H3CC57,CCNA_03060
A0A0H3CC58,CCNA_03376
A0A0H3CC60,CCNA_03031
A0A0H3CC61,CCNA_02463
A0A0H3CC63,CCNA_03065
A0A0H3CC64,CCNA_03669
A0A0H3CC65,CCNA_03036
A0A0H3CC66,CCNA_02468
A0A0H3CC67,CCNA_03388
A0A0H3CC68,CCNA_03070
A0A0H3CC69,CCNA_03674
A0A0H3CC70,CCNA_02473
A0A0H3CC71,CCNA_03041
A0A0H3CC73,CCNA_03075
A0A0H3CC74,CCNA_03679
A0A0H3CC75,CCNA_03046
A0A0H3CC76,CCNA_02478
A0A0H3CC77,CCNA_03398
A0A0H3CC79,CCNA_03403
A0A0H3CC80,CCNA_03080
A0A0H3CC81,CCNA_03051
A0A0H3CC82,CCNA_02483
A0A0H3CC83,CCNA_03408
A0A0H3CC85,CCNA_03085
A0A0H3CC86,CCNA_03056
A0A0H3CC87,CCNA_02488
A0A0H3CC89,CCNA_03694
A0A0H3CC90,CCNA_03091
A0A0H3CC91,CCNA_03061
A0A0H3CC92,CCNA_02493
A0A0H3CC93,CCNA_03419
A0A0H3CC94,CCNA_03699
A0A0H3CC95,CCNA_03096
A0A0H3CC96,CCNA_03424
A0A0H3CC98,CCNA_02498
A0A0H3CCA0,CCNA_03432
A0A0H3CCA3,CCNA_02503
A0A0H3CCA5,CCNA_03437
A0A0H3CCA6,CCNA_03108
A0A0H3CCA7,CCNA_03718
A0A0H3CCA8,CCNA_02508
A0A0H3CCB1,CCNA_03115
A0A0H3CCB3,CCNA_03447
A0A0H3CCB4,CCNA_03081
A0A0H3CCB5,CCNA_02513
A0A0H3CCB6,CCNA_03452
A0A0H3CCB8,CCNA_03120
A0A0H3CCB9,CCNA_03086
A0A0H3CCC1,CCNA_03457
A0A0H3CCC2,CCNA_03736
A0A0H3CCC3,CCNA_03125
A0A0H3CCC4,CCNA_03092
A0A0H3CCC6,CCNA_02527
A0A0H3CCC7,CCNA_03742
A0A0H3CCC8,CCNA_03131
A0A0H3CCD0,CCNA_02533
A0A0H3CCD2,CCNA_03747
A0A0H3CCD3,CCNA_03097
A0A0H3CCD4,CCNA_03478
A0A0H3CCD8,CCNA_03102
A0A0H3CCD9,CCNA_03483
A0A0H3CCE0,CCNA_03150
A0A0H3CCE3,CCNA_03110
A0A0H3CCE4,CCNA_03488
A0A0H3CCE5,CCNA_03493
A0A0H3CCE6,CCNA_03155
A0A0H3CCE7,CCNA_03116
A0A0H3CCE8,CCNA_03762
A0A0H3CCE9,CCNA_02551
A0A0H3CCF0,CCNA_03499
A0A0H3CCF1,CCNA_03160
A0A0H3CCF2,CCNA_03121
A0A0H3CCF3,CCNA_02557
A0A0H3CCF5,CCNA_03504
A0A0H3CCF6,CCNA_03166
A0A0H3CCF8,CCNA_02562
A0A0H3CCF9,CCNA_03774
A0A0H3CCG3,CCNA_03132
A0A0H3CCG4,CCNA_03515
A0A0H3CCG6,CCNA_03520
A0A0H3CCG8,CCNA_03140
A0A0H3CCG9,CCNA_03525
A0A0H3CCH1,CCNA_03181
A0A0H3CCH2,CCNA_03146
A0A0H3CCH3,CCNA_03530
A0A0H3CCH4,CCNA_02582
A0A0H3CCH5,CCNA_03186
A0A0H3CCH6,CCNA_03535
A0A0H3CCH7,CCNA_03151
A0A0H3CCH8,CCNA_03191
A0A0H3CCH9,CCNA_03540
A0A0H3CCI0,CCNA_02589
A0A0H3CCI1,CCNA_03156
A0A0H3CCI3,CCNA_03197
A0A0H3CCI4,CCNA_02595
A0A0H3CCI5,CCNA_03552
A0A0H3CCI6,CCNA_03161
A0A0H3CCI8,CCNA_03779
A0A0H3CCJ1,CCNA_03208
A0A0H3CCJ2,CCNA_03784
A0A0H3CCJ3,CCNA_03167
A0A0H3CCJ4,CCNA_03567
A0A0H3CCJ5,CCNA_03790
A0A0H3CCJ7,CCNA_03213
A0A0H3CCJ8,CCNA_03172
A0A0H3CCJ9,CCNA_03572
A0A0H3CCK0,CCNA_03795
A0A0H3CCK1,CCNA_03218
A0A0H3CCK2,CCNA_02611
A0A0H3CCK3,CCNA_03177
A0A0H3CCK4,CCNA_03801
A0A0H3CCK7,CCNA_03806
A0A0H3CCK8,CCNA_03182
A0A0H3CCL1,CCNA_02622
A0A0H3CCL2,CCNA_03187
A0A0H3CCL3,CCNA_03587
A0A0H3CCL5,CCNA_03192
A0A0H3CCL6,CCNA_02631
A0A0H3CCL9,CCNA_03830
A0A0H3CCM0,CCNA_03597
A0A0H3CCM1,CCNA_02638
A0A0H3CCM2,CCNA_03198
A0A0H3CCM4,CCNA_03602
A0A0H3CCM5,CCNA_03224
A0A0H3CCM6,CCNA_03204
A0A0H3CCM7,CCNA_02648
A0A0H3CCM8,CCNA_03841
A0A0H3CCN0,CCNA_03229
A0A0H3CCN2,CCNA_02653
A0A0H3CCN3,CCNA_03209
A0A0H3CCN4,CCNA_03234
A0A0H3CCN5,CCNA_03614
A0A0H3CCN6,CCNA_03855
A0A0H3CCN9,CCNA_02658
A0A0H3CCP0,CCNA_03861
A0A0H3CCP1,CCNA_03214
A0A0H3CCP2,CCNA_03245
A0A0H3CCP3,CCNA_02664
A0A0H3CCP4,CCNA_03624
A0A0H3CCP5,CCNA_03867
A0A0H3CCP6,CCNA_03250
A0A0H3CCP7,CCNA_03219
A0A0H3CCQ0,CCNA_02669
A0A0H3CCQ2,CCNA_03263
A0A0H3CCQ3,CCNA_03635
A0A0H3CCQ4,CCNA_02674 CCNA_03903
A0A0H3CCQ6,CCNA_03269
A0A0H3CCQ7,CCNA_02679
A0A0H3CCR0,CCNA_03275
A0A0H3CCR2,CCNA_03280
A0A0H3CCR3,CCNA_03647
A0A0H3CCR4,CCNA_03286
A0A0H3CCR7,CCNA_03291
A0A0H3CCR9,CCNA_03296
A0A0H3CCS0,CCNA_03660
A0A0H3CCS1,CCNA_03225
A0A0H3CCS3,CCNA_03301
A0A0H3CCS4,CCNA_03665
A0A0H3CCS8,CCNA_03309
A0A0H3CCS9,CCNA_03670
A0A0H3CCT2,CCNA_03314
A0A0H3CCT4,CCNA_03241
A0A0H3CCT6,CCNA_02684
A0A0H3CCT8,CCNA_03680
A0A0H3CCU0,CCNA_03246
A0A0H3CCU2,CCNA_03327
A0A0H3CCU4,CCNA_03252
A0A0H3CCU8,CCNA_02694
A0A0H3CCU9,CCNA_03258
A0A0H3CCV2,CCNA_03690
A0A0H3CCV4,CCNA_03265
A0A0H3CCV6,CCNA_03343
A0A0H3CCV8,CCNA_03695
A0A0H3CCW1,CCNA_03350
A0A0H3CCW2,CCNA_02711
A0A0H3CCW3,CCNA_03276
A0A0H3CCW7,CCNA_02716
A0A0H3CCW8,CCNA_03281
A0A0H3CCX3,CCNA_03287
A0A0H3CCX5,CCNA_03367
A0A0H3CCX6,CCNA_03292
A0A0H3CCX8,CCNA_02726
A0A0H3CCY0,CCNA_03372
A0A0H3CCY1,CCNA_03297
A0A0H3CCY2,CCNA_03721
A0A0H3CCY3,CCNA_02731
A0A0H3CCY4,CCNA_03302
A0A0H3CCY5,CCNA_03377
A0A0H3CCY7,CCNA_03726
A0A0H3CCY9,CCNA_03382
A0A0H3CCZ3,CCNA_03389
A0A0H3CCZ5,CCNA_02736
A0A0H3CCZ7,CCNA_03328
A0A0H3CD00,CCNA_02742
A0A0H3CD03,CCNA_02747
A0A0H3CD04,CCNA_03743
A0A0H3CD06,CCNA_03339
A0A0H3CD07,CCNA_03404
A0A0H3CD12,CCNA_03409
A0A0H3CD14,CCNA_02758
A0A0H3CD18,CCNA_03415
A0A0H3CD19,CCNA_02763
A0A0H3CD22,CCNA_03420
A0A0H3CD23,CCNA_03357
A0A0H3CD24,CCNA_02768
A0A0H3CD26,CCNA_03425
A0A0H3CD27,CCNA_03363
A0A0H3CD28,CCNA_03763
A0A0H3CD29,CCNA_02773
A0A0H3CD31,CCNA_03433
A0A0H3CD32,CCNA_03769
A0A0H3CD33,CCNA_02778
A0A0H3CD35,CCNA_03438
A0A0H3CD36,CCNA_03368
A0A0H3CD37,CCNA_02783
A0A0H3CD39,CCNA_03775
A0A0H3CD40,CCNA_03443
A0A0H3CD42,CCNA_02788
A0A0H3CD44,CCNA_03448
A0A0H3CD46,CCNA_02793
A0A0H3CD48,CCNA_03453
A0A0H3CD50,CCNA_03383
A0A0H3CD51,CCNA_02798
A0A0H3CD52,CCNA_03458
A0A0H3CD54,CCNA_03390
A0A0H3CD55,CCNA_02805
A0A0H3CD58,CCNA_03395
A0A0H3CD59,CCNA_02810
A0A0H3CD61,CCNA_02815
A0A0H3CD62,CCNA_03400
A0A0H3CD63,CCNA_03472
A0A0H3CD65,CCNA_03479
A0A0H3CD66,CCNA_03405
A0A0H3CD67,CCNA_02820
A0A0H3CD68,CCNA_03780
A0A0H3CD70,CCNA_03484
A0A0H3CD71,CCNA_02825
A0A0H3CD72,CCNA_03410
A0A0H3CD75,CCNA_03489
A0A0H3CD76,CCNA_02830
A0A0H3CD77,CCNA_03416
A0A0H3CD78,CCNA_03791
A0A0H3CD80,CCNA_02835
A0A0H3CD81,CCNA_03494
A0A0H3CD82,CCNA_03421
A0A0H3CD83,CCNA_03796
A0A0H3CD85,CCNA_02840
A0A0H3CD86,CCNA_03500
A0A0H3CD87,CCNA_03802
A0A0H3CD88,CCNA_02845
A0A0H3CD89,CCNA_03426
A0A0H3CD92,CCNA_02851
A0A0H3CD94,CCNA_03807
A0A0H3CD95,CCNA_03434
A0A0H3CD96,CCNA_03511
A0A0H3CD98,CCNA_03813
A0A0H3CD99,CCNA_02856
A0A0H3CDA0,CCNA_03439
A0A0H3CDA2,CCNA_03818
A0A0H3CDA4,CCNA_02862
A0A0H3CDA5,CCNA_03444
A0A0H3CDA6,CCNA_03825
A0A0H3CDA8,CCNA_02867
A0A0H3CDA9,CCNA_03521
A0A0H3CDB0,CCNA_03449
A0A0H3CDB1,CCNA_03831
A0A0H3CDB3,CCNA_02872
A0A0H3CDB4,CCNA_03526
A0A0H3CDB5,CCNA_03454
A0A0H3CDB6,CCNA_03837
A0A0H3CDB8,CCNA_02876
A0A0H3CDB9,CCNA_03531
A0A0H3CDC0,CCNA_03842
A0A0H3CDC1,CCNA_03459
A0A0H3CDC3,CCNA_02882
A0A0H3CDC4,CCNA_03536
A0A0H3CDC5,CCNA_03848
A0A0H3CDC7,CCNA_03466
A0A0H3CDC8,CCNA_02892
A0A0H3CDD0,CCNA_03541
A0A0H3CDD2,CCNA_03473
A0A0H3CDD3,CCNA_02897
A0A0H3CDD5,CCNA_03862
A0A0H3CDD8,CCNA_03480
A0A0H3CDE0,CCNA_03873
A0A0H3CDE1,CCNA_03554
A0A0H3CDE4,CCNA_00679 CCNA_01787 CCNA_02907 CCNA_03018
A0A0H3CDE5,CCNA_03485
A0A0H3CDE6,CCNA_03559
A0A0H3CDE9,CCNA_02913
A0A0H3CDF0,CCNA_03490
A0A0H3CDF3,CCNA_03568
A0A0H3CDF4,CCNA_03495
A0A0H3CDF5,CCNA_02918
A0A0H3CDF8,CCNA_03573
A0A0H3CDG0,CCNA_02923
A0A0H3CDG5,CCNA_03507
A0A0H3CDG6,CCNA_02929
A0A0H3CDG9,CCNA_03583
A0A0H3CDH1,CCNA_02935
A0A0H3CDH3,CCNA_03512
A0A0H3CDH4,CCNA_03588
A0A0H3CDH7,CCNA_02940
A0A0H3CDI1,CCNA_03593
A0A0H3CDI2,CCNA_02947
A0A0H3CDI5,CCNA_03522
A0A0H3CDI7,CCNA_02952
A0A0H3CDJ1,CCNA_03603
A0A0H3CDJ3,CCNA_02957
A0A0H3CDJ6,CCNA_03532
A0A0H3CDJ7,CCNA_03610
A0A0H3CDJ8,CCNA_02963
A0A0H3CDK1,CCNA_03537
A0A0H3CDK2,CCNA_03615
A0A0H3CDK4,CCNA_02969
A0A0H3CDK7,CCNA_02974
A0A0H3CDK9,CCNA_03620
A0A0H3CDL2,CCNA_02979
A0A0H3CDL3,CCNA_03625
A0A0H3CDL6,CCNA_02984
A0A0H3CDL8,CCNA_03631
A0A0H3CDM0,CCNA_02989
A0A0H3CDM1,CCNA_03542
A0A0H3CDM4,CCNA_03637
A0A0H3CDM5,CCNA_02995
A0A0H3CDN1,CCNA_03001
A0A0H3CDN2,CCNA_03547
A0A0H3CDN8,CCNA_03555
A0A0H3CDP3,CCNA_03661
A0A0H3CDP7,CCNA_03666
A0A0H3CDP8,CCNA_03017
A0A0H3CDQ0,CCNA_03569
A0A0H3CDQ2,CCNA_03671
A0A0H3CDQ3,CCNA_03022
A0A0H3CDQ6,CCNA_03574
A0A0H3CDR1,CCNA_03579
A0A0H3CDR3,CCNA_03681
A0A0H3CDR5,CCNA_03584
A0A0H3CDR6,CCNA_03032
A0A0H3CDR9,CCNA_03686
A0A0H3CDS0,CCNA_03589
A0A0H3CDS2,CCNA_03037
A0A0H3CDS3,CCNA_03691
A0A0H3CDS6,CCNA_03042
A0A0H3CDT0,CCNA_03047
A0A0H3CDT2,CCNA_03705
A0A0H3CDT3,CCNA_03604
A0A0H3CDT5,CCNA_03052
A0A0H3CDT7,CCNA_03611
A0A0H3CDT8,CCNA_03710
A0A0H3CDT9,CCNA_03057
A0A0H3CDU1,CCNA_03616
A0A0H3CDU2,CCNA_03715
A0A0H3CDU3,CCNA_03062
A0A0H3CDU6,CCNA_03621
A0A0H3CDU8,CCNA_03067
A0A0H3CDV1,CCNA_03627
A0A0H3CDV3,CCNA_03072
A0A0H3CDV6,CCNA_03632
A0A0H3CDV8,CCNA_03077
A0A0H3CDV9,CCNA_03733
A0A0H3CDW2,CCNA_03639
A0A0H3CDW3,CCNA_03082
A0A0H3CDW4,CCNA_03739
A0A0H3CDX0,CCNA_03087
A0A0H3CDX4,CCNA_03093
A0A0H3CDX5,CCNA_03649
A0A0H3CDX7,CCNA_03749
A0A0H3CDY0,CCNA_03098
A0A0H3CDY5,CCNA_03105
A0A0H3CDY6,CCNA_03662
A0A0H3CDY8,CCNA_03759
A0A0H3CDZ1,CCNA_03112
A0A0H3CDZ2,CCNA_03667
A0A0H3CDZ4,CCNA_03764
A0A0H3CDZ6,CCNA_03117
A0A0H3CE00,CCNA_03771
A0A0H3CE02,CCNA_03122
A0A0H3CE04,CCNA_03677
A0A0H3CE08,CCNA_03127
A0A0H3CE09,CCNA_03682
A0A0H3CE12,CCNA_03133
A0A0H3CE17,CCNA_03141
A0A0H3CE19,CCNA_03692
A0A0H3CE21,CCNA_03697
A0A0H3CE24,CCNA_03147
A0A0H3CE27,CCNA_03706
A0A0H3CE28,CCNA_03152
A0A0H3CE32,CCNA_03157
A0A0H3CE40,CCNA_03716
A0A0H3CE42,CCNA_03797
A0A0H3CE44,CCNA_03723
A0A0H3CE45,CCNA_03168
A0A0H3CE47,CCNA_03803
A0A0H3CE49,CCNA_03728
A0A0H3CE50,CCNA_03173
A0A0H3CE51,CCNA_03808
A0A0H3CE56,CCNA_03178
A0A0H3CE58,CCNA_03814
A0A0H3CE61,CCNA_03183
A0A0H3CE66,CCNA_03826
A0A0H3CE67,CCNA_03188
A0A0H3CE71,CCNA_03832
A0A0H3CE72,CCNA_03193
A0A0H3CE75,CCNA_03838
A0A0H3CE77,CCNA_03199
A0A0H3CE84,CCNA_03205
A0A0H3CE85,CCNA_03849
A0A0H3CE86,CCNA_03760
A0A0H3CE89,CCNA_03857
A0A0H3CE90,CCNA_03210
A0A0H3CE93,CCNA_03765
A0A0H3CE94,CCNA_03863
A0A0H3CE95,CCNA_03215
A0A0H3CE99,CCNA_03772
A0A0H3CEA0,CCNA_03874
A0A0H3CEA3,CCNA_03777
A0A0H3CEC1,CCNA_03221
A0A0H3CEC6,CCNA_03226
A0A0H3CED0,CCNA_03782
A0A0H3CED1,CCNA_03231
A0A0H3CED5,CCNA_03788
A0A0H3CED6,CCNA_03236
A0A0H3CEE2,CCNA_03242
A0A0H3CEE4,CCNA_03798
A0A0H3CEE6,CCNA_03247
A0A0H3CEE8,CCNA_03804
A0A0H3CEF0,CCNA_03253
A0A0H3CEF2,CCNA_03809
A0A0H3CEF5,CCNA_03259
A0A0H3CEF6,CCNA_03815
A0A0H3CEF9,CCNA_03266
A0A0H3CEG1,CCNA_03820
A0A0H3CEG3,CCNA_03270
A0A0H3CEG8,CCNA_03277
A0A0H3CEH4,CCNA_03282
A0A0H3CEH6,CCNA_03839
A0A0H3CEH8,CCNA_03288
A0A0H3CEI2,CCNA_03845
A0A0H3CEI9,CCNA_03298
A0A0H3CEJ4,CCNA_03859
A0A0H3CEJ8,CCNA_03864
A0A0H3CEK4,CCNA_03875
A0A0H3CEK5,CCNA_03316
A0A0H3CEK9,CCNA_03324
A0A0H3CEL3,CCNA_03329
A0A0H3CEM6,CCNA_03340
A0A0H3CEN8,CCNA_03353
A0A0H3CEQ4,CCNA_03369
A0A0H3CER3,CCNA_03374
A0A0H3CER7,CCNA_03379
A0A0H3CES8,CCNA_03391
A0A0H3CET4,CCNA_03396
A0A0H3CET9,CCNA_03401
A0A0H3CEV7,CCNA_03417
A0A0H3CEW3,CCNA_03422
A0A0H3CEW8,CCNA_03429
A0A0H3CEX3,CCNA_03435
A0A0H3CEY0,CCNA_03440
A0A0H3CEZ2,CCNA_03450
A0A0H3CEZ7,CCNA_03455
A0A0H3CF02,CCNA_03460
A0A0H3CF07,CCNA_03467
A0A0H3CF14,CCNA_03474
A0A0H3CF19,CCNA_03481
A0A0H3CF25,CCNA_03486
A0A0H3CF30,CCNA_03491
A0A0H3CF35,CCNA_03497
A0A0H3CF39,CCNA_03502
A0A0H3CF60,CCNA_03523
A0A0H3CF72,CCNA_03533
A0A0H3CF78,CCNA_03538
A0A0H3CF96,CCNA_03556
A0A0H3CFA2,CCNA_03564
A0A0H3CFA7,CCNA_03570
A0A0H3CFB3,CCNA_03575
A0A0H3CFB9,CCNA_03580
A0A0H3CFC3,CCNA_03585
A0A0H3CFC9,CCNA_03590
A0A0H3CFD5,CCNA_03595
A0A0H3CFE0,CCNA_03600
A0A0H3CFE6,CCNA_03605
A0A0H3CFF1,CCNA_03612
A0A0H3CFF5,CCNA_03617
A0A0H3CFG0,CCNA_03622
A0A0H3CFH1,CCNA_03633
A0A0H3CFH7,CCNA_03640
A0A0H3CFI8,CCNA_03650
A0A0H3CFK8,CCNA_03668
A0A0H3CFL5,CCNA_03673
A0A0H3CFM0,CCNA_03678
A0A0H3CFN2,CCNA_03688
A0A0H3CFN8,CCNA_03693
A0A0H3CFP6,CCNA_03698
A0A0H3CFQ2,CCNA_03707
A0A0H3CFQ8,CCNA_03712
A0A0H3CFR3,CCNA_03717
A0A0H3CFR8,CCNA_03724
A0A0H3CFU0,CCNA_03751
A0A0H3CFU7,CCNA_03756
A0A0H3CFV5,CCNA_03761
A0A0H3CFW6,CCNA_03773
A0A0H3CG00,CCNA_03778
A0A0H3CG11,CCNA_03789
A0A0H3CG16,CCNA_03794
A0A0H3CG21,CCNA_03799
A0A0H3CG28,CCNA_03805
A0A0H3CG33,CCNA_03810
A0A0H3CG52,CCNA_03829
A0A0H3CG57,CCNA_03834
A0A0H3CG67,CCNA_03846
A0A0H3CG81,CCNA_03866
A0A0H3IA71,CCNA_03887
A0A0H3IA75,CCNA_03880
A0A0H3IA78,CCNA_03896
A0A0H3IA83,CCNA_03900
A0A0H3IA90,CCNA_03907
A0A0H3IC28,CCNA_03885
A0A0H3IC32,CCNA_03890
A0A0H3IC37,CCNA_03894
A0A0H3IC41,CCNA_03881
A0A0H3IC46,CCNA_03902
A0A0H3IC51,CCNA_03905
A0A0H3ICS0,CCNA_03889
A0A0H3ICS3,CCNA_03893
A0A0H3ICS7,CCNA_03898
A0A0H3ICT2,CCNA_03882
A0A0H3ICT6,CCNA_03884
A0A0H3ICU0,CCNA_03910
A0A0H3ICY1,CCNA_03888
A0A0H3ICY6,CCNA_03892
A0A0H3ICZ1,CCNA_03897
A0A0H3ICZ4,CCNA_03901
A0A0H3ID00,CCNA_03904
A0A0H3ID02,CCNA_03909
A0A0H3IFL3,CCNA_03886
A0A0H3IFL6,CCNA_03891
A0A0H3IFM0,CCNA_03895
A0A0H3IFM4,CCNA_03899
A0A0H3IFM9,CCNA_03883
A0A0H3IFN4,CCNA_03906
A0A0H3IWA5,CCNA_03916
A0A0H3IWB0,CCNA_03921
A0A0H3IWB4,CCNA_03925
A0A0H3IWC0,CCNA_03930
A0A0H3IWC5,CCNA_03935
A0A0H3IWC8,CCNA_03940
A0A0H3IWD5,CCNA_03945
A0A0H3IWE5,CCNA_03950
A0A0H3IWF1,CCNA_03955
A0A0H3IWF6,CCNA_03960
A0A0H3IWJ3,CCNA_03965
A0A0H3IWJ9,CCNA_03970
A0A0H3IWK3,CCNA_03975
A0A0H3IWK8,CCNA_03980
A0A0H3IWL4,CCNA_03985
A0A0H3IWL9,CCNA_03990
A0A0H3IWM3,CCNA_03995
A0A0H3IXL3,CCNA_03913
A0A0H3IXL7,CCNA_03919
A0A0H3IXM1,CCNA_03923
A0A0H3IXM5,CCNA_03928
A0A0H3IXM9,CCNA_03933
A0A0H3IXN5,CCNA_03938
A0A0H3IXP0,CCNA_03943
A0A0H3IXP4,CCNA_03948
A0A0H3IXQ2,CCNA_03953
A0A0H3IXQ7,CCNA_03958
A0A0H3IXR4,CCNA_03963
A0A0H3IXT8,CCNA_03968
A0A0H3IXU1,CCNA_03973
A0A0H3IXU4,CCNA_03978
A0A0H3IXU9,CCNA_03983
A0A0H3IXV4,CCNA_03988
A0A0H3IXV8,CCNA_03993
A0A0H3IZ92,CCNA_03911
A0A0H3IZ98,CCNA_03917
A0A0H3IZA3,CCNA_03998
A0A0H3IZB1,CCNA_03926
A0A0H3IZB7,CCNA_03931
A0A0H3IZC2,CCNA_03936
A0A0H3IZC6,CCNA_03941
A0A0H3IZD0,CCNA_03946
A0A0H3IZD6,CCNA_03951
A0A0H3IZE1,CCNA_03956
A0A0H3IZE7,CCNA_03961
A0A0H3IZJ1,CCNA_03966
A0A0H3IZJ5,CCNA_03971
A0A0H3IZK0,CCNA_03976
A0A0H3IZK4,CCNA_03981
A0A0H3IZK9,CCNA_03986
A0A0H3IZL5,CCNA_03991
A0A0H3IZM0,CCNA_03996
A0A0H3J1G0,CCNA_03912
A0A0H3J1G6,CCNA_03918
A0A0H3J1H3,CCNA_03922
A0A0H3J1I0,CCNA_03927
A0A0H3J1I9,CCNA_03932
A0A0H3J1J5,CCNA_03937
A0A0H3J1K1,CCNA_03942
A0A0H3J1K9,CCNA_03947
A0A0H3J1L6,CCNA_03952
A0A0H3J1M1,CCNA_03957
A0A0H3J1M6,CCNA_03962
A0A0H3J1Q4,CCNA_03967
A0A0H3J1Q9,CCNA_03972
A0A0H3J1R4,CCNA_03977
A0A0H3J1R8,CCNA_03982
A0A0H3J1S3,CCNA_03987
A0A0H3J1S8,CCNA_03992
A0A0H3J1T3,CCNA_03997
A0A0H3J406,CCNA_03915
A0A0H3J413,CCNA_03920
A0A0H3J419,CCNA_03924
A0A0H3J424,CCNA_03929
A0A0H3J429,CCNA_03934
A0A0H3J435,CCNA_03939
A0A0H3J440,CCNA_03944
A0A0H3J445,CCNA_03949
A0A0H3J451,CCNA_03954
A0A0H3J457,CCNA_03959
A0A0H3J489,CCNA_03964
A0A0H3J495,CCNA_03969
A0A0H3J4A0,CCNA_03974
A0A0H3J4A4,CCNA_03979
A0A0H3J4B1,CCNA_03984
A0A0H3J4B5,CCNA_03989
A0A0H3J4C0,CCNA_03994
A0A1C9ULU8,CCNA_03999
B8GX15,CCNA_02040
B8GX30,CCNA_02055
B8GXF0,CCNA_00059
B8GXJ8,CCNA_00107
B8GXN3,CCNA_00142
B8GY96,CCNA_00226
B8GZA6,CCNA_02430
B8GZD8,CCNA_02462
B8GZS6,CCNA_00495
B8H0S5,CCNA_00709
B8H0Z4,CCNA_02757
B8H462,CCNA_03352
B8H4A1,CCNA_01273
B8H4M6,CCNA_03385
B8H4R9,CCNA_03428
B8H5B6,CCNA_03496
B8H5C6,CCNA_03506
B8H6E1,CCNA_03737
D9HP82,
V6CJG2,